#
# There is insufficient memory for the Java Runtime Environment to continue.
# Native memory allocation (malloc) failed to allocate 1045296 bytes. Error detail: Chunk::new
# Possible reasons:
#   The system is out of physical RAM or swap space
#   This process is running with CompressedOops enabled, and the Java Heap may be blocking the growth of the native heap
# Possible solutions:
#   Reduce memory load on the system
#   Increase physical memory or swap space
#   Check if swap backing store is full
#   Decrease Java heap size (-Xmx/-Xms)
#   Decrease number of Java threads
#   Decrease Java thread stack sizes (-Xss)
#   Set larger code cache with -XX:ReservedCodeCacheSize=
#   JVM is running with Unscaled Compressed Oops mode in which the Java heap is
#     placed in the first 4GB address space. The Java Heap base address is the
#     maximum limit for the native heap growth. Please use -XX:HeapBaseMinAddress
#     to set the Java Heap base and to place the Java Heap above 4GB virtual address.
# This output file may be truncated or incomplete.
#
#  Out of Memory Error (arena.cpp:168), pid=20916, tid=19864
#
# JRE version: OpenJDK Runtime Environment Temurin-21.0.7+6 (21.0.7+6) (build 21.0.7+6-LTS)
# Java VM: OpenJDK 64-Bit Server VM Temurin-21.0.7+6 (21.0.7+6-LTS, mixed mode, sharing, tiered, compressed oops, compressed class ptrs, g1 gc, windows-amd64)
# No core dump will be written. Minidumps are not enabled by default on client versions of Windows
#

---------------  S U M M A R Y ------------

Command Line: -Dfile.encoding=UTF-8 -Dstdout.encoding=UTF-8 -Dstderr.encoding=UTF-8 -XX:+ShowCodeDetailsInExceptionMessages Pcanteen.Backend.BackendApplication

Host: AMD Ryzen 3 3200U with Radeon Vega Mobile Gfx  , 4 cores, 3G,  Windows 11 , 64 bit Build 26100 (10.0.26100.4202)
Time: Wed Jul  9 16:45:06 2025 India Standard Time elapsed time: 83.116121 seconds (0d 0h 1m 23s)

---------------  T H R E A D  ---------------

Current thread (0x0000024942161f00):  JavaThread "C2 CompilerThread0" daemon [_thread_in_native, id=19864, stack(0x000000702d800000,0x000000702d900000) (1024K)]


Current CompileTask:
C2:83116 7501       4       org.springframework.core.annotation.AnnotationsScanner::processMethodAnnotations (98 bytes)

Stack: [0x000000702d800000,0x000000702d900000]
Native frames: (J=compiled Java code, j=interpreted, Vv=VM code, C=native code)
V  [jvm.dll+0x6ce119]
V  [jvm.dll+0x8a84a1]
V  [jvm.dll+0x8aa9ce]
V  [jvm.dll+0x8ab0b3]
V  [jvm.dll+0x27f8a6]
V  [jvm.dll+0xc507d]
V  [jvm.dll+0xc55b3]
V  [jvm.dll+0x3b68f2]
V  [jvm.dll+0x1e0029]
V  [jvm.dll+0x247c42]
V  [jvm.dll+0x2470cf]
V  [jvm.dll+0x1c760e]
V  [jvm.dll+0x25695a]
V  [jvm.dll+0x254efa]
V  [jvm.dll+0x3f03f6]
V  [jvm.dll+0x851f6b]
V  [jvm.dll+0x6cc7dd]
C  [ucrtbase.dll+0x37b0]
C  [KERNEL32.DLL+0x2e8d7]
C  [ntdll.dll+0x3c34c]


---------------  P R O C E S S  ---------------

Threads class SMR info:
_java_thread_list=0x0000024989843230, length=16, elements={
0x0000024929e9c110, 0x000002494214d960, 0x0000024942151b60, 0x00000249421580d0,
0x0000024942158b20, 0x000002494215a9b0, 0x000002494215fd40, 0x0000024942161f00,
0x00000249421cd150, 0x000002494229d450, 0x00000249422afc60, 0x0000024942540590,
0x0000024989952ce0, 0x000002498a32e700, 0x000002498a32ed90, 0x000002498a32e070
}

Java Threads: ( => current thread )
  0x0000024929e9c110 JavaThread "main"                              [_thread_in_Java, id=14968, stack(0x000000702ca00000,0x000000702cb00000) (1024K)]
  0x000002494214d960 JavaThread "Reference Handler"          daemon [_thread_blocked, id=14172, stack(0x000000702d200000,0x000000702d300000) (1024K)]
  0x0000024942151b60 JavaThread "Finalizer"                  daemon [_thread_blocked, id=5796, stack(0x000000702d300000,0x000000702d400000) (1024K)]
  0x00000249421580d0 JavaThread "Signal Dispatcher"          daemon [_thread_blocked, id=10476, stack(0x000000702d400000,0x000000702d500000) (1024K)]
  0x0000024942158b20 JavaThread "Attach Listener"            daemon [_thread_blocked, id=15420, stack(0x000000702d500000,0x000000702d600000) (1024K)]
  0x000002494215a9b0 JavaThread "Service Thread"             daemon [_thread_blocked, id=21328, stack(0x000000702d600000,0x000000702d700000) (1024K)]
  0x000002494215fd40 JavaThread "Monitor Deflation Thread"   daemon [_thread_blocked, id=8732, stack(0x000000702d700000,0x000000702d800000) (1024K)]
=>0x0000024942161f00 JavaThread "C2 CompilerThread0"         daemon [_thread_in_native, id=19864, stack(0x000000702d800000,0x000000702d900000) (1024K)]
  0x00000249421cd150 JavaThread "C1 CompilerThread0"         daemon [_thread_blocked, id=8536, stack(0x000000702d900000,0x000000702da00000) (1024K)]
  0x000002494229d450 JavaThread "Notification Thread"        daemon [_thread_blocked, id=12108, stack(0x000000702da00000,0x000000702db00000) (1024K)]
  0x00000249422afc60 JavaThread "Common-Cleaner"             daemon [_thread_blocked, id=17652, stack(0x000000702db00000,0x000000702dc00000) (1024K)]
  0x0000024942540590 JavaThread "mysql-cj-abandoned-connection-cleanup" daemon [_thread_blocked, id=20848, stack(0x000000702df00000,0x000000702e000000) (1024K)]
  0x0000024989952ce0 JavaThread "HikariPool-1:housekeeper"   daemon [_thread_blocked, id=21024, stack(0x000000702e100000,0x000000702e200000) (1024K)]
  0x000002498a32e700 JavaThread "Catalina-utility-1"                [_thread_blocked, id=11108, stack(0x000000702e200000,0x000000702e300000) (1024K)]
  0x000002498a32ed90 JavaThread "Catalina-utility-2"                [_thread_blocked, id=19672, stack(0x000000702e300000,0x000000702e400000) (1024K)]
  0x000002498a32e070 JavaThread "container-0"                       [_thread_blocked, id=21020, stack(0x000000702e400000,0x000000702e500000) (1024K)]
Total: 16

Other Threads:
  0x0000024942130530 VMThread "VM Thread"                           [id=21224, stack(0x000000702d100000,0x000000702d200000) (1024K)]
  0x000002492c38eb70 WatcherThread "VM Periodic Task Thread"        [id=19324, stack(0x000000702d000000,0x000000702d100000) (1024K)]
  0x000002492c31d180 WorkerThread "GC Thread#0"                     [id=5264, stack(0x000000702cb00000,0x000000702cc00000) (1024K)]
  0x00000249429c7510 WorkerThread "GC Thread#1"                     [id=21484, stack(0x000000702dc00000,0x000000702dd00000) (1024K)]
  0x0000024942914a30 WorkerThread "GC Thread#2"                     [id=17492, stack(0x000000702dd00000,0x000000702de00000) (1024K)]
  0x0000024942914dd0 WorkerThread "GC Thread#3"                     [id=17856, stack(0x000000702de00000,0x000000702df00000) (1024K)]
  0x000002492c324da0 ConcurrentGCThread "G1 Main Marker"            [id=9620, stack(0x000000702cc00000,0x000000702cd00000) (1024K)]
  0x000002492c3284e0 WorkerThread "G1 Conc#0"                       [id=17512, stack(0x000000702cd00000,0x000000702ce00000) (1024K)]
  0x000002492c37d5f0 ConcurrentGCThread "G1 Refine#0"               [id=7876, stack(0x000000702ce00000,0x000000702cf00000) (1024K)]
  0x000002492c380da0 ConcurrentGCThread "G1 Service"                [id=19996, stack(0x000000702cf00000,0x000000702d000000) (1024K)]
Total: 10

Threads with active compile tasks:
C2 CompilerThread0  83213 7501       4       org.springframework.core.annotation.AnnotationsScanner::processMethodAnnotations (98 bytes)
Total: 1

VM state: not at safepoint (normal execution)

VM Mutex/Monitor currently owned by a thread: None

Heap address: 0x00000000c9e00000, size: 866 MB, Compressed Oops mode: 32-bit

CDS archive(s) mapped at: [0x0000024943000000-0x0000024943c80000-0x0000024943c80000), size 13107200, SharedBaseAddress: 0x0000024943000000, ArchiveRelocationMode: 1.
Compressed class space mapped at: 0x0000024944000000-0x0000024984000000, reserved size: 1073741824
Narrow klass base: 0x0000024943000000, Narrow klass shift: 0, Narrow klass range: 0x100000000

GC Precious Log:
 CardTable entry size: 512
 Card Set container configuration: InlinePtr #cards 5 size 8 Array Of Cards #cards 12 size 40 Howl #buckets 4 coarsen threshold 1843 Howl Bitmap #cards 512 size 80 coarsen threshold 460 Card regions per heap region 1 cards per card region 2048
 CPUs: 4 total, 4 available
 Memory: 3460M
 Large Page Support: Disabled
 NUMA Support: Disabled
 Compressed Oops: Enabled (32-bit)
 Heap Region Size: 1M
 Heap Min Capacity: 8M
 Heap Initial Capacity: 56M
 Heap Max Capacity: 866M
 Pre-touch: Disabled
 Parallel Workers: 4
 Concurrent Workers: 1
 Concurrent Refinement Workers: 4
 Periodic GC: Disabled

Heap:
 garbage-first heap   total 359424K, used 123352K [0x00000000c9e00000, 0x0000000100000000)
  region size 1024K, 36 young (36864K), 2 survivors (2048K)
 Metaspace       used 72024K, committed 72704K, reserved 1114112K
  class space    used 9799K, committed 10112K, reserved 1048576K

Heap Regions: E=young(eden), S=young(survivor), O=old, HS=humongous(starts), HC=humongous(continues), CS=collection set, F=free, TAMS=top-at-mark-start, PB=parsable bottom
|   0|0x00000000c9e00000, 0x00000000c9f00000, 0x00000000c9f00000|100%|HS|  |TAMS 0x00000000c9e00000| PB 0x00000000c9e00000| Complete 
|   1|0x00000000c9f00000, 0x00000000ca000000, 0x00000000ca000000|100%|HS|  |TAMS 0x00000000c9f00000| PB 0x00000000c9f00000| Complete 
|   2|0x00000000ca000000, 0x00000000ca100000, 0x00000000ca100000|100%| O|  |TAMS 0x00000000ca000000| PB 0x00000000ca000000| Untracked 
|   3|0x00000000ca100000, 0x00000000ca200000, 0x00000000ca200000|100%| O|  |TAMS 0x00000000ca100000| PB 0x00000000ca100000| Untracked 
|   4|0x00000000ca200000, 0x00000000ca300000, 0x00000000ca300000|100%| O|  |TAMS 0x00000000ca200000| PB 0x00000000ca200000| Untracked 
|   5|0x00000000ca300000, 0x00000000ca400000, 0x00000000ca400000|100%| O|  |TAMS 0x00000000ca300000| PB 0x00000000ca300000| Untracked 
|   6|0x00000000ca400000, 0x00000000ca500000, 0x00000000ca500000|100%| O|  |TAMS 0x00000000ca400000| PB 0x00000000ca400000| Untracked 
|   7|0x00000000ca500000, 0x00000000ca600000, 0x00000000ca600000|100%| O|  |TAMS 0x00000000ca500000| PB 0x00000000ca500000| Untracked 
|   8|0x00000000ca600000, 0x00000000ca700000, 0x00000000ca700000|100%| O|  |TAMS 0x00000000ca600000| PB 0x00000000ca600000| Untracked 
|   9|0x00000000ca700000, 0x00000000ca800000, 0x00000000ca800000|100%| O|  |TAMS 0x00000000ca700000| PB 0x00000000ca700000| Untracked 
|  10|0x00000000ca800000, 0x00000000ca900000, 0x00000000ca900000|100%| O|  |TAMS 0x00000000ca800000| PB 0x00000000ca800000| Untracked 
|  11|0x00000000ca900000, 0x00000000caa00000, 0x00000000caa00000|100%| O|  |TAMS 0x00000000ca900000| PB 0x00000000ca900000| Untracked 
|  12|0x00000000caa00000, 0x00000000cab00000, 0x00000000cab00000|100%| O|  |TAMS 0x00000000caa00000| PB 0x00000000caa00000| Untracked 
|  13|0x00000000cab00000, 0x00000000cac00000, 0x00000000cac00000|100%| O|  |TAMS 0x00000000cab00000| PB 0x00000000cab00000| Untracked 
|  14|0x00000000cac00000, 0x00000000cad00000, 0x00000000cad00000|100%| O|  |TAMS 0x00000000cac00000| PB 0x00000000cac00000| Untracked 
|  15|0x00000000cad00000, 0x00000000cae00000, 0x00000000cae00000|100%| O|  |TAMS 0x00000000cad00000| PB 0x00000000cad00000| Untracked 
|  16|0x00000000cae00000, 0x00000000caf00000, 0x00000000caf00000|100%| O|  |TAMS 0x00000000cae00000| PB 0x00000000cae00000| Untracked 
|  17|0x00000000caf00000, 0x00000000cb000000, 0x00000000cb000000|100%| O|  |TAMS 0x00000000caf00000| PB 0x00000000caf00000| Untracked 
|  18|0x00000000cb000000, 0x00000000cb100000, 0x00000000cb100000|100%| O|  |TAMS 0x00000000cb000000| PB 0x00000000cb000000| Untracked 
|  19|0x00000000cb100000, 0x00000000cb200000, 0x00000000cb200000|100%| O|  |TAMS 0x00000000cb100000| PB 0x00000000cb100000| Untracked 
|  20|0x00000000cb200000, 0x00000000cb300000, 0x00000000cb300000|100%| O|  |TAMS 0x00000000cb200000| PB 0x00000000cb200000| Untracked 
|  21|0x00000000cb300000, 0x00000000cb400000, 0x00000000cb400000|100%| O|  |TAMS 0x00000000cb300000| PB 0x00000000cb300000| Untracked 
|  22|0x00000000cb400000, 0x00000000cb500000, 0x00000000cb500000|100%| O|  |TAMS 0x00000000cb400000| PB 0x00000000cb400000| Untracked 
|  23|0x00000000cb500000, 0x00000000cb600000, 0x00000000cb600000|100%| O|  |TAMS 0x00000000cb500000| PB 0x00000000cb500000| Untracked 
|  24|0x00000000cb600000, 0x00000000cb700000, 0x00000000cb700000|100%| O|  |TAMS 0x00000000cb600000| PB 0x00000000cb600000| Untracked 
|  25|0x00000000cb700000, 0x00000000cb800000, 0x00000000cb800000|100%| O|  |TAMS 0x00000000cb700000| PB 0x00000000cb700000| Untracked 
|  26|0x00000000cb800000, 0x00000000cb900000, 0x00000000cb900000|100%| O|  |TAMS 0x00000000cb800000| PB 0x00000000cb800000| Untracked 
|  27|0x00000000cb900000, 0x00000000cba00000, 0x00000000cba00000|100%| O|  |TAMS 0x00000000cb900000| PB 0x00000000cb900000| Untracked 
|  28|0x00000000cba00000, 0x00000000cbb00000, 0x00000000cbb00000|100%| O|  |TAMS 0x00000000cba00000| PB 0x00000000cba00000| Untracked 
|  29|0x00000000cbb00000, 0x00000000cbc00000, 0x00000000cbc00000|100%| O|  |TAMS 0x00000000cbb00000| PB 0x00000000cbb00000| Untracked 
|  30|0x00000000cbc00000, 0x00000000cbd00000, 0x00000000cbd00000|100%| O|  |TAMS 0x00000000cbc00000| PB 0x00000000cbc00000| Untracked 
|  31|0x00000000cbd00000, 0x00000000cbe00000, 0x00000000cbe00000|100%| O|  |TAMS 0x00000000cbd00000| PB 0x00000000cbd00000| Untracked 
|  32|0x00000000cbe00000, 0x00000000cbf00000, 0x00000000cbf00000|100%| O|  |TAMS 0x00000000cbe00000| PB 0x00000000cbe00000| Untracked 
|  33|0x00000000cbf00000, 0x00000000cc000000, 0x00000000cc000000|100%| O|  |TAMS 0x00000000cbf00000| PB 0x00000000cbf00000| Untracked 
|  34|0x00000000cc000000, 0x00000000cc100000, 0x00000000cc100000|100%| O|  |TAMS 0x00000000cc000000| PB 0x00000000cc000000| Untracked 
|  35|0x00000000cc100000, 0x00000000cc200000, 0x00000000cc200000|100%| O|  |TAMS 0x00000000cc100000| PB 0x00000000cc100000| Untracked 
|  36|0x00000000cc200000, 0x00000000cc300000, 0x00000000cc300000|100%| O|  |TAMS 0x00000000cc200000| PB 0x00000000cc200000| Untracked 
|  37|0x00000000cc300000, 0x00000000cc400000, 0x00000000cc400000|100%| O|  |TAMS 0x00000000cc300000| PB 0x00000000cc300000| Untracked 
|  38|0x00000000cc400000, 0x00000000cc500000, 0x00000000cc500000|100%| O|  |TAMS 0x00000000cc400000| PB 0x00000000cc400000| Untracked 
|  39|0x00000000cc500000, 0x00000000cc600000, 0x00000000cc600000|100%| O|  |TAMS 0x00000000cc500000| PB 0x00000000cc500000| Untracked 
|  40|0x00000000cc600000, 0x00000000cc700000, 0x00000000cc700000|100%| O|  |TAMS 0x00000000cc600000| PB 0x00000000cc600000| Untracked 
|  41|0x00000000cc700000, 0x00000000cc800000, 0x00000000cc800000|100%| O|  |TAMS 0x00000000cc700000| PB 0x00000000cc700000| Untracked 
|  42|0x00000000cc800000, 0x00000000cc900000, 0x00000000cc900000|100%| O|  |TAMS 0x00000000cc800000| PB 0x00000000cc800000| Untracked 
|  43|0x00000000cc900000, 0x00000000cca00000, 0x00000000cca00000|100%| O|  |TAMS 0x00000000cc900000| PB 0x00000000cc900000| Untracked 
|  44|0x00000000cca00000, 0x00000000ccb00000, 0x00000000ccb00000|100%| O|  |TAMS 0x00000000cca00000| PB 0x00000000cca00000| Untracked 
|  45|0x00000000ccb00000, 0x00000000ccc00000, 0x00000000ccc00000|100%| O|  |TAMS 0x00000000ccb00000| PB 0x00000000ccb00000| Untracked 
|  46|0x00000000ccc00000, 0x00000000ccd00000, 0x00000000ccd00000|100%| O|  |TAMS 0x00000000ccc00000| PB 0x00000000ccc00000| Untracked 
|  47|0x00000000ccd00000, 0x00000000cce00000, 0x00000000cce00000|100%| O|  |TAMS 0x00000000ccd00000| PB 0x00000000ccd00000| Untracked 
|  48|0x00000000cce00000, 0x00000000ccf00000, 0x00000000ccf00000|100%| O|  |TAMS 0x00000000cce00000| PB 0x00000000cce00000| Untracked 
|  49|0x00000000ccf00000, 0x00000000cd000000, 0x00000000cd000000|100%| O|  |TAMS 0x00000000ccf00000| PB 0x00000000ccf00000| Untracked 
|  50|0x00000000cd000000, 0x00000000cd100000, 0x00000000cd100000|100%| O|  |TAMS 0x00000000cd000000| PB 0x00000000cd000000| Untracked 
|  51|0x00000000cd100000, 0x00000000cd200000, 0x00000000cd200000|100%| O|  |TAMS 0x00000000cd100000| PB 0x00000000cd100000| Untracked 
|  52|0x00000000cd200000, 0x00000000cd300000, 0x00000000cd300000|100%| O|  |TAMS 0x00000000cd200000| PB 0x00000000cd200000| Untracked 
|  53|0x00000000cd300000, 0x00000000cd400000, 0x00000000cd400000|100%| O|  |TAMS 0x00000000cd300000| PB 0x00000000cd300000| Untracked 
|  54|0x00000000cd400000, 0x00000000cd500000, 0x00000000cd500000|100%| O|  |TAMS 0x00000000cd400000| PB 0x00000000cd400000| Untracked 
|  55|0x00000000cd500000, 0x00000000cd600000, 0x00000000cd600000|100%| O|  |TAMS 0x00000000cd500000| PB 0x00000000cd500000| Untracked 
|  56|0x00000000cd600000, 0x00000000cd700000, 0x00000000cd700000|100%| O|  |TAMS 0x00000000cd600000| PB 0x00000000cd600000| Untracked 
|  57|0x00000000cd700000, 0x00000000cd800000, 0x00000000cd800000|100%| O|  |TAMS 0x00000000cd700000| PB 0x00000000cd700000| Untracked 
|  58|0x00000000cd800000, 0x00000000cd900000, 0x00000000cd900000|100%| O|  |TAMS 0x00000000cd800000| PB 0x00000000cd800000| Untracked 
|  59|0x00000000cd900000, 0x00000000cda00000, 0x00000000cda00000|100%| O|  |TAMS 0x00000000cd900000| PB 0x00000000cd900000| Untracked 
|  60|0x00000000cda00000, 0x00000000cdb00000, 0x00000000cdb00000|100%| O|  |TAMS 0x00000000cda00000| PB 0x00000000cda00000| Untracked 
|  61|0x00000000cdb00000, 0x00000000cdc00000, 0x00000000cdc00000|100%| O|  |TAMS 0x00000000cdb00000| PB 0x00000000cdb00000| Untracked 
|  62|0x00000000cdc00000, 0x00000000cdd00000, 0x00000000cdd00000|100%| O|  |TAMS 0x00000000cdc00000| PB 0x00000000cdc00000| Untracked 
|  63|0x00000000cdd00000, 0x00000000cde00000, 0x00000000cde00000|100%| O|  |TAMS 0x00000000cdd00000| PB 0x00000000cdd00000| Untracked 
|  64|0x00000000cde00000, 0x00000000cdf00000, 0x00000000cdf00000|100%| O|  |TAMS 0x00000000cde00000| PB 0x00000000cde00000| Untracked 
|  65|0x00000000cdf00000, 0x00000000ce000000, 0x00000000ce000000|100%| O|  |TAMS 0x00000000cdf00000| PB 0x00000000cdf00000| Untracked 
|  66|0x00000000ce000000, 0x00000000ce100000, 0x00000000ce100000|100%| O|  |TAMS 0x00000000ce000000| PB 0x00000000ce000000| Untracked 
|  67|0x00000000ce100000, 0x00000000ce200000, 0x00000000ce200000|100%| O|  |TAMS 0x00000000ce100000| PB 0x00000000ce100000| Untracked 
|  68|0x00000000ce200000, 0x00000000ce300000, 0x00000000ce300000|100%| O|  |TAMS 0x00000000ce200000| PB 0x00000000ce200000| Untracked 
|  69|0x00000000ce300000, 0x00000000ce400000, 0x00000000ce400000|100%| O|  |TAMS 0x00000000ce300000| PB 0x00000000ce300000| Untracked 
|  70|0x00000000ce400000, 0x00000000ce500000, 0x00000000ce500000|100%| O|  |TAMS 0x00000000ce400000| PB 0x00000000ce400000| Untracked 
|  71|0x00000000ce500000, 0x00000000ce600000, 0x00000000ce600000|100%| O|  |TAMS 0x00000000ce500000| PB 0x00000000ce500000| Untracked 
|  72|0x00000000ce600000, 0x00000000ce700000, 0x00000000ce700000|100%| O|  |TAMS 0x00000000ce600000| PB 0x00000000ce600000| Untracked 
|  73|0x00000000ce700000, 0x00000000ce800000, 0x00000000ce800000|100%| O|  |TAMS 0x00000000ce700000| PB 0x00000000ce700000| Untracked 
|  74|0x00000000ce800000, 0x00000000ce900000, 0x00000000ce900000|100%|HS|  |TAMS 0x00000000ce800000| PB 0x00000000ce800000| Complete 
|  75|0x00000000ce900000, 0x00000000cea00000, 0x00000000cea00000|100%| O|  |TAMS 0x00000000ce900000| PB 0x00000000ce900000| Untracked 
|  76|0x00000000cea00000, 0x00000000ceb00000, 0x00000000ceb00000|100%| O|  |TAMS 0x00000000cea00000| PB 0x00000000cea00000| Untracked 
|  77|0x00000000ceb00000, 0x00000000cec00000, 0x00000000cec00000|100%| O|  |TAMS 0x00000000ceb00000| PB 0x00000000ceb00000| Untracked 
|  78|0x00000000cec00000, 0x00000000ced00000, 0x00000000ced00000|100%| O|  |TAMS 0x00000000cec00000| PB 0x00000000cec00000| Untracked 
|  79|0x00000000ced00000, 0x00000000cee00000, 0x00000000cee00000|100%| O|  |TAMS 0x00000000ced00000| PB 0x00000000ced00000| Untracked 
|  80|0x00000000cee00000, 0x00000000cef00000, 0x00000000cef00000|100%| O|  |TAMS 0x00000000cee00000| PB 0x00000000cee00000| Untracked 
|  81|0x00000000cef00000, 0x00000000cf000000, 0x00000000cf000000|100%| O|  |TAMS 0x00000000cef00000| PB 0x00000000cef00000| Untracked 
|  82|0x00000000cf000000, 0x00000000cf100000, 0x00000000cf100000|100%| O|  |TAMS 0x00000000cf000000| PB 0x00000000cf000000| Untracked 
|  83|0x00000000cf100000, 0x00000000cf200000, 0x00000000cf200000|100%| O|  |TAMS 0x00000000cf100000| PB 0x00000000cf100000| Untracked 
|  84|0x00000000cf200000, 0x00000000cf300000, 0x00000000cf300000|100%| O|  |TAMS 0x00000000cf200000| PB 0x00000000cf200000| Untracked 
|  85|0x00000000cf300000, 0x00000000cf3760b0, 0x00000000cf400000| 46%| O|  |TAMS 0x00000000cf300000| PB 0x00000000cf300000| Untracked 
|  86|0x00000000cf400000, 0x00000000cf400000, 0x00000000cf500000|  0%| F|  |TAMS 0x00000000cf400000| PB 0x00000000cf400000| Untracked 
|  87|0x00000000cf500000, 0x00000000cf500000, 0x00000000cf600000|  0%| F|  |TAMS 0x00000000cf500000| PB 0x00000000cf500000| Untracked 
|  88|0x00000000cf600000, 0x00000000cf600000, 0x00000000cf700000|  0%| F|  |TAMS 0x00000000cf600000| PB 0x00000000cf600000| Untracked 
|  89|0x00000000cf700000, 0x00000000cf700000, 0x00000000cf800000|  0%| F|  |TAMS 0x00000000cf700000| PB 0x00000000cf700000| Untracked 
|  90|0x00000000cf800000, 0x00000000cf800000, 0x00000000cf900000|  0%| F|  |TAMS 0x00000000cf800000| PB 0x00000000cf800000| Untracked 
|  91|0x00000000cf900000, 0x00000000cf900000, 0x00000000cfa00000|  0%| F|  |TAMS 0x00000000cf900000| PB 0x00000000cf900000| Untracked 
|  92|0x00000000cfa00000, 0x00000000cfa00000, 0x00000000cfb00000|  0%| F|  |TAMS 0x00000000cfa00000| PB 0x00000000cfa00000| Untracked 
|  93|0x00000000cfb00000, 0x00000000cfb00000, 0x00000000cfc00000|  0%| F|  |TAMS 0x00000000cfb00000| PB 0x00000000cfb00000| Untracked 
|  94|0x00000000cfc00000, 0x00000000cfc00000, 0x00000000cfd00000|  0%| F|  |TAMS 0x00000000cfc00000| PB 0x00000000cfc00000| Untracked 
|  95|0x00000000cfd00000, 0x00000000cfd00000, 0x00000000cfe00000|  0%| F|  |TAMS 0x00000000cfd00000| PB 0x00000000cfd00000| Untracked 
|  96|0x00000000cfe00000, 0x00000000cfe00000, 0x00000000cff00000|  0%| F|  |TAMS 0x00000000cfe00000| PB 0x00000000cfe00000| Untracked 
|  97|0x00000000cff00000, 0x00000000cff00000, 0x00000000d0000000|  0%| F|  |TAMS 0x00000000cff00000| PB 0x00000000cff00000| Untracked 
|  98|0x00000000d0000000, 0x00000000d0000000, 0x00000000d0100000|  0%| F|  |TAMS 0x00000000d0000000| PB 0x00000000d0000000| Untracked 
|  99|0x00000000d0100000, 0x00000000d0100000, 0x00000000d0200000|  0%| F|  |TAMS 0x00000000d0100000| PB 0x00000000d0100000| Untracked 
| 100|0x00000000d0200000, 0x00000000d0200000, 0x00000000d0300000|  0%| F|  |TAMS 0x00000000d0200000| PB 0x00000000d0200000| Untracked 
| 101|0x00000000d0300000, 0x00000000d0300000, 0x00000000d0400000|  0%| F|  |TAMS 0x00000000d0300000| PB 0x00000000d0300000| Untracked 
| 102|0x00000000d0400000, 0x00000000d0400000, 0x00000000d0500000|  0%| F|  |TAMS 0x00000000d0400000| PB 0x00000000d0400000| Untracked 
| 103|0x00000000d0500000, 0x00000000d0500000, 0x00000000d0600000|  0%| F|  |TAMS 0x00000000d0500000| PB 0x00000000d0500000| Untracked 
| 104|0x00000000d0600000, 0x00000000d0600000, 0x00000000d0700000|  0%| F|  |TAMS 0x00000000d0600000| PB 0x00000000d0600000| Untracked 
| 105|0x00000000d0700000, 0x00000000d0700000, 0x00000000d0800000|  0%| F|  |TAMS 0x00000000d0700000| PB 0x00000000d0700000| Untracked 
| 106|0x00000000d0800000, 0x00000000d0800000, 0x00000000d0900000|  0%| F|  |TAMS 0x00000000d0800000| PB 0x00000000d0800000| Untracked 
| 107|0x00000000d0900000, 0x00000000d0900000, 0x00000000d0a00000|  0%| F|  |TAMS 0x00000000d0900000| PB 0x00000000d0900000| Untracked 
| 108|0x00000000d0a00000, 0x00000000d0a00000, 0x00000000d0b00000|  0%| F|  |TAMS 0x00000000d0a00000| PB 0x00000000d0a00000| Untracked 
| 109|0x00000000d0b00000, 0x00000000d0b00000, 0x00000000d0c00000|  0%| F|  |TAMS 0x00000000d0b00000| PB 0x00000000d0b00000| Untracked 
| 110|0x00000000d0c00000, 0x00000000d0c00000, 0x00000000d0d00000|  0%| F|  |TAMS 0x00000000d0c00000| PB 0x00000000d0c00000| Untracked 
| 111|0x00000000d0d00000, 0x00000000d0d00000, 0x00000000d0e00000|  0%| F|  |TAMS 0x00000000d0d00000| PB 0x00000000d0d00000| Untracked 
| 112|0x00000000d0e00000, 0x00000000d0e00000, 0x00000000d0f00000|  0%| F|  |TAMS 0x00000000d0e00000| PB 0x00000000d0e00000| Untracked 
| 113|0x00000000d0f00000, 0x00000000d0f00000, 0x00000000d1000000|  0%| F|  |TAMS 0x00000000d0f00000| PB 0x00000000d0f00000| Untracked 
| 114|0x00000000d1000000, 0x00000000d1000000, 0x00000000d1100000|  0%| F|  |TAMS 0x00000000d1000000| PB 0x00000000d1000000| Untracked 
| 115|0x00000000d1100000, 0x00000000d1100000, 0x00000000d1200000|  0%| F|  |TAMS 0x00000000d1100000| PB 0x00000000d1100000| Untracked 
| 116|0x00000000d1200000, 0x00000000d1200000, 0x00000000d1300000|  0%| F|  |TAMS 0x00000000d1200000| PB 0x00000000d1200000| Untracked 
| 117|0x00000000d1300000, 0x00000000d1300000, 0x00000000d1400000|  0%| F|  |TAMS 0x00000000d1300000| PB 0x00000000d1300000| Untracked 
| 118|0x00000000d1400000, 0x00000000d1400000, 0x00000000d1500000|  0%| F|  |TAMS 0x00000000d1400000| PB 0x00000000d1400000| Untracked 
| 119|0x00000000d1500000, 0x00000000d1500000, 0x00000000d1600000|  0%| F|  |TAMS 0x00000000d1500000| PB 0x00000000d1500000| Untracked 
| 120|0x00000000d1600000, 0x00000000d1600000, 0x00000000d1700000|  0%| F|  |TAMS 0x00000000d1600000| PB 0x00000000d1600000| Untracked 
| 121|0x00000000d1700000, 0x00000000d1700000, 0x00000000d1800000|  0%| F|  |TAMS 0x00000000d1700000| PB 0x00000000d1700000| Untracked 
| 122|0x00000000d1800000, 0x00000000d1800000, 0x00000000d1900000|  0%| F|  |TAMS 0x00000000d1800000| PB 0x00000000d1800000| Untracked 
| 123|0x00000000d1900000, 0x00000000d1900000, 0x00000000d1a00000|  0%| F|  |TAMS 0x00000000d1900000| PB 0x00000000d1900000| Untracked 
| 124|0x00000000d1a00000, 0x00000000d1a00000, 0x00000000d1b00000|  0%| F|  |TAMS 0x00000000d1a00000| PB 0x00000000d1a00000| Untracked 
| 125|0x00000000d1b00000, 0x00000000d1b00000, 0x00000000d1c00000|  0%| F|  |TAMS 0x00000000d1b00000| PB 0x00000000d1b00000| Untracked 
| 126|0x00000000d1c00000, 0x00000000d1c00000, 0x00000000d1d00000|  0%| F|  |TAMS 0x00000000d1c00000| PB 0x00000000d1c00000| Untracked 
| 127|0x00000000d1d00000, 0x00000000d1d00000, 0x00000000d1e00000|  0%| F|  |TAMS 0x00000000d1d00000| PB 0x00000000d1d00000| Untracked 
| 128|0x00000000d1e00000, 0x00000000d1e00000, 0x00000000d1f00000|  0%| F|  |TAMS 0x00000000d1e00000| PB 0x00000000d1e00000| Untracked 
| 129|0x00000000d1f00000, 0x00000000d1f00000, 0x00000000d2000000|  0%| F|  |TAMS 0x00000000d1f00000| PB 0x00000000d1f00000| Untracked 
| 130|0x00000000d2000000, 0x00000000d2000000, 0x00000000d2100000|  0%| F|  |TAMS 0x00000000d2000000| PB 0x00000000d2000000| Untracked 
| 131|0x00000000d2100000, 0x00000000d2100000, 0x00000000d2200000|  0%| F|  |TAMS 0x00000000d2100000| PB 0x00000000d2100000| Untracked 
| 132|0x00000000d2200000, 0x00000000d2200000, 0x00000000d2300000|  0%| F|  |TAMS 0x00000000d2200000| PB 0x00000000d2200000| Untracked 
| 133|0x00000000d2300000, 0x00000000d2300000, 0x00000000d2400000|  0%| F|  |TAMS 0x00000000d2300000| PB 0x00000000d2300000| Untracked 
| 134|0x00000000d2400000, 0x00000000d2400000, 0x00000000d2500000|  0%| F|  |TAMS 0x00000000d2400000| PB 0x00000000d2400000| Untracked 
| 135|0x00000000d2500000, 0x00000000d2500000, 0x00000000d2600000|  0%| F|  |TAMS 0x00000000d2500000| PB 0x00000000d2500000| Untracked 
| 136|0x00000000d2600000, 0x00000000d2600000, 0x00000000d2700000|  0%| F|  |TAMS 0x00000000d2600000| PB 0x00000000d2600000| Untracked 
| 137|0x00000000d2700000, 0x00000000d2700000, 0x00000000d2800000|  0%| F|  |TAMS 0x00000000d2700000| PB 0x00000000d2700000| Untracked 
| 138|0x00000000d2800000, 0x00000000d2800000, 0x00000000d2900000|  0%| F|  |TAMS 0x00000000d2800000| PB 0x00000000d2800000| Untracked 
| 139|0x00000000d2900000, 0x00000000d2900000, 0x00000000d2a00000|  0%| F|  |TAMS 0x00000000d2900000| PB 0x00000000d2900000| Untracked 
| 140|0x00000000d2a00000, 0x00000000d2a00000, 0x00000000d2b00000|  0%| F|  |TAMS 0x00000000d2a00000| PB 0x00000000d2a00000| Untracked 
| 141|0x00000000d2b00000, 0x00000000d2b00000, 0x00000000d2c00000|  0%| F|  |TAMS 0x00000000d2b00000| PB 0x00000000d2b00000| Untracked 
| 142|0x00000000d2c00000, 0x00000000d2c00000, 0x00000000d2d00000|  0%| F|  |TAMS 0x00000000d2c00000| PB 0x00000000d2c00000| Untracked 
| 143|0x00000000d2d00000, 0x00000000d2d00000, 0x00000000d2e00000|  0%| F|  |TAMS 0x00000000d2d00000| PB 0x00000000d2d00000| Untracked 
| 144|0x00000000d2e00000, 0x00000000d2e00000, 0x00000000d2f00000|  0%| F|  |TAMS 0x00000000d2e00000| PB 0x00000000d2e00000| Untracked 
| 145|0x00000000d2f00000, 0x00000000d2f00000, 0x00000000d3000000|  0%| F|  |TAMS 0x00000000d2f00000| PB 0x00000000d2f00000| Untracked 
| 146|0x00000000d3000000, 0x00000000d3000000, 0x00000000d3100000|  0%| F|  |TAMS 0x00000000d3000000| PB 0x00000000d3000000| Untracked 
| 147|0x00000000d3100000, 0x00000000d3100000, 0x00000000d3200000|  0%| F|  |TAMS 0x00000000d3100000| PB 0x00000000d3100000| Untracked 
| 148|0x00000000d3200000, 0x00000000d3200000, 0x00000000d3300000|  0%| F|  |TAMS 0x00000000d3200000| PB 0x00000000d3200000| Untracked 
| 149|0x00000000d3300000, 0x00000000d3300000, 0x00000000d3400000|  0%| F|  |TAMS 0x00000000d3300000| PB 0x00000000d3300000| Untracked 
| 150|0x00000000d3400000, 0x00000000d3400000, 0x00000000d3500000|  0%| F|  |TAMS 0x00000000d3400000| PB 0x00000000d3400000| Untracked 
| 151|0x00000000d3500000, 0x00000000d3500000, 0x00000000d3600000|  0%| F|  |TAMS 0x00000000d3500000| PB 0x00000000d3500000| Untracked 
| 152|0x00000000d3600000, 0x00000000d3600000, 0x00000000d3700000|  0%| F|  |TAMS 0x00000000d3600000| PB 0x00000000d3600000| Untracked 
| 153|0x00000000d3700000, 0x00000000d3700000, 0x00000000d3800000|  0%| F|  |TAMS 0x00000000d3700000| PB 0x00000000d3700000| Untracked 
| 154|0x00000000d3800000, 0x00000000d3800000, 0x00000000d3900000|  0%| F|  |TAMS 0x00000000d3800000| PB 0x00000000d3800000| Untracked 
| 155|0x00000000d3900000, 0x00000000d3900000, 0x00000000d3a00000|  0%| F|  |TAMS 0x00000000d3900000| PB 0x00000000d3900000| Untracked 
| 156|0x00000000d3a00000, 0x00000000d3a00000, 0x00000000d3b00000|  0%| F|  |TAMS 0x00000000d3a00000| PB 0x00000000d3a00000| Untracked 
| 157|0x00000000d3b00000, 0x00000000d3b00000, 0x00000000d3c00000|  0%| F|  |TAMS 0x00000000d3b00000| PB 0x00000000d3b00000| Untracked 
| 158|0x00000000d3c00000, 0x00000000d3c00000, 0x00000000d3d00000|  0%| F|  |TAMS 0x00000000d3c00000| PB 0x00000000d3c00000| Untracked 
| 159|0x00000000d3d00000, 0x00000000d3d00000, 0x00000000d3e00000|  0%| F|  |TAMS 0x00000000d3d00000| PB 0x00000000d3d00000| Untracked 
| 160|0x00000000d3e00000, 0x00000000d3f00000, 0x00000000d3f00000|100%| S|CS|TAMS 0x00000000d3e00000| PB 0x00000000d3e00000| Complete 
| 161|0x00000000d3f00000, 0x00000000d4000000, 0x00000000d4000000|100%| S|CS|TAMS 0x00000000d3f00000| PB 0x00000000d3f00000| Complete 
| 162|0x00000000d4000000, 0x00000000d4000000, 0x00000000d4100000|  0%| F|  |TAMS 0x00000000d4000000| PB 0x00000000d4000000| Untracked 
| 163|0x00000000d4100000, 0x00000000d4100000, 0x00000000d4200000|  0%| F|  |TAMS 0x00000000d4100000| PB 0x00000000d4100000| Untracked 
| 164|0x00000000d4200000, 0x00000000d4200000, 0x00000000d4300000|  0%| F|  |TAMS 0x00000000d4200000| PB 0x00000000d4200000| Untracked 
| 165|0x00000000d4300000, 0x00000000d4300000, 0x00000000d4400000|  0%| F|  |TAMS 0x00000000d4300000| PB 0x00000000d4300000| Untracked 
| 166|0x00000000d4400000, 0x00000000d4400000, 0x00000000d4500000|  0%| F|  |TAMS 0x00000000d4400000| PB 0x00000000d4400000| Untracked 
| 167|0x00000000d4500000, 0x00000000d4500000, 0x00000000d4600000|  0%| F|  |TAMS 0x00000000d4500000| PB 0x00000000d4500000| Untracked 
| 168|0x00000000d4600000, 0x00000000d4600000, 0x00000000d4700000|  0%| F|  |TAMS 0x00000000d4600000| PB 0x00000000d4600000| Untracked 
| 169|0x00000000d4700000, 0x00000000d4700000, 0x00000000d4800000|  0%| F|  |TAMS 0x00000000d4700000| PB 0x00000000d4700000| Untracked 
| 170|0x00000000d4800000, 0x00000000d4800000, 0x00000000d4900000|  0%| F|  |TAMS 0x00000000d4800000| PB 0x00000000d4800000| Untracked 
| 171|0x00000000d4900000, 0x00000000d4900000, 0x00000000d4a00000|  0%| F|  |TAMS 0x00000000d4900000| PB 0x00000000d4900000| Untracked 
| 172|0x00000000d4a00000, 0x00000000d4a00000, 0x00000000d4b00000|  0%| F|  |TAMS 0x00000000d4a00000| PB 0x00000000d4a00000| Untracked 
| 173|0x00000000d4b00000, 0x00000000d4b00000, 0x00000000d4c00000|  0%| F|  |TAMS 0x00000000d4b00000| PB 0x00000000d4b00000| Untracked 
| 174|0x00000000d4c00000, 0x00000000d4c00000, 0x00000000d4d00000|  0%| F|  |TAMS 0x00000000d4c00000| PB 0x00000000d4c00000| Untracked 
| 175|0x00000000d4d00000, 0x00000000d4d00000, 0x00000000d4e00000|  0%| F|  |TAMS 0x00000000d4d00000| PB 0x00000000d4d00000| Untracked 
| 176|0x00000000d4e00000, 0x00000000d4e00000, 0x00000000d4f00000|  0%| F|  |TAMS 0x00000000d4e00000| PB 0x00000000d4e00000| Untracked 
| 177|0x00000000d4f00000, 0x00000000d4f00000, 0x00000000d5000000|  0%| F|  |TAMS 0x00000000d4f00000| PB 0x00000000d4f00000| Untracked 
| 178|0x00000000d5000000, 0x00000000d5000000, 0x00000000d5100000|  0%| F|  |TAMS 0x00000000d5000000| PB 0x00000000d5000000| Untracked 
| 179|0x00000000d5100000, 0x00000000d5100000, 0x00000000d5200000|  0%| F|  |TAMS 0x00000000d5100000| PB 0x00000000d5100000| Untracked 
| 180|0x00000000d5200000, 0x00000000d5200000, 0x00000000d5300000|  0%| F|  |TAMS 0x00000000d5200000| PB 0x00000000d5200000| Untracked 
| 181|0x00000000d5300000, 0x00000000d5300000, 0x00000000d5400000|  0%| F|  |TAMS 0x00000000d5300000| PB 0x00000000d5300000| Untracked 
| 182|0x00000000d5400000, 0x00000000d5400000, 0x00000000d5500000|  0%| F|  |TAMS 0x00000000d5400000| PB 0x00000000d5400000| Untracked 
| 183|0x00000000d5500000, 0x00000000d5500000, 0x00000000d5600000|  0%| F|  |TAMS 0x00000000d5500000| PB 0x00000000d5500000| Untracked 
| 184|0x00000000d5600000, 0x00000000d5600000, 0x00000000d5700000|  0%| F|  |TAMS 0x00000000d5600000| PB 0x00000000d5600000| Untracked 
| 185|0x00000000d5700000, 0x00000000d5700000, 0x00000000d5800000|  0%| F|  |TAMS 0x00000000d5700000| PB 0x00000000d5700000| Untracked 
| 186|0x00000000d5800000, 0x00000000d5800000, 0x00000000d5900000|  0%| F|  |TAMS 0x00000000d5800000| PB 0x00000000d5800000| Untracked 
| 187|0x00000000d5900000, 0x00000000d5900000, 0x00000000d5a00000|  0%| F|  |TAMS 0x00000000d5900000| PB 0x00000000d5900000| Untracked 
| 188|0x00000000d5a00000, 0x00000000d5a00000, 0x00000000d5b00000|  0%| F|  |TAMS 0x00000000d5a00000| PB 0x00000000d5a00000| Untracked 
| 189|0x00000000d5b00000, 0x00000000d5b00000, 0x00000000d5c00000|  0%| F|  |TAMS 0x00000000d5b00000| PB 0x00000000d5b00000| Untracked 
| 190|0x00000000d5c00000, 0x00000000d5c00000, 0x00000000d5d00000|  0%| F|  |TAMS 0x00000000d5c00000| PB 0x00000000d5c00000| Untracked 
| 191|0x00000000d5d00000, 0x00000000d5d00000, 0x00000000d5e00000|  0%| F|  |TAMS 0x00000000d5d00000| PB 0x00000000d5d00000| Untracked 
| 192|0x00000000d5e00000, 0x00000000d5e00000, 0x00000000d5f00000|  0%| F|  |TAMS 0x00000000d5e00000| PB 0x00000000d5e00000| Untracked 
| 193|0x00000000d5f00000, 0x00000000d5f00000, 0x00000000d6000000|  0%| F|  |TAMS 0x00000000d5f00000| PB 0x00000000d5f00000| Untracked 
| 194|0x00000000d6000000, 0x00000000d6000000, 0x00000000d6100000|  0%| F|  |TAMS 0x00000000d6000000| PB 0x00000000d6000000| Untracked 
| 195|0x00000000d6100000, 0x00000000d6100000, 0x00000000d6200000|  0%| F|  |TAMS 0x00000000d6100000| PB 0x00000000d6100000| Untracked 
| 196|0x00000000d6200000, 0x00000000d6200000, 0x00000000d6300000|  0%| F|  |TAMS 0x00000000d6200000| PB 0x00000000d6200000| Untracked 
| 197|0x00000000d6300000, 0x00000000d6300000, 0x00000000d6400000|  0%| F|  |TAMS 0x00000000d6300000| PB 0x00000000d6300000| Untracked 
| 198|0x00000000d6400000, 0x00000000d6400000, 0x00000000d6500000|  0%| F|  |TAMS 0x00000000d6400000| PB 0x00000000d6400000| Untracked 
| 199|0x00000000d6500000, 0x00000000d6500000, 0x00000000d6600000|  0%| F|  |TAMS 0x00000000d6500000| PB 0x00000000d6500000| Untracked 
| 200|0x00000000d6600000, 0x00000000d6600000, 0x00000000d6700000|  0%| F|  |TAMS 0x00000000d6600000| PB 0x00000000d6600000| Untracked 
| 201|0x00000000d6700000, 0x00000000d6700000, 0x00000000d6800000|  0%| F|  |TAMS 0x00000000d6700000| PB 0x00000000d6700000| Untracked 
| 202|0x00000000d6800000, 0x00000000d6800000, 0x00000000d6900000|  0%| F|  |TAMS 0x00000000d6800000| PB 0x00000000d6800000| Untracked 
| 203|0x00000000d6900000, 0x00000000d6900000, 0x00000000d6a00000|  0%| F|  |TAMS 0x00000000d6900000| PB 0x00000000d6900000| Untracked 
| 204|0x00000000d6a00000, 0x00000000d6a00000, 0x00000000d6b00000|  0%| F|  |TAMS 0x00000000d6a00000| PB 0x00000000d6a00000| Untracked 
| 205|0x00000000d6b00000, 0x00000000d6b00000, 0x00000000d6c00000|  0%| F|  |TAMS 0x00000000d6b00000| PB 0x00000000d6b00000| Untracked 
| 206|0x00000000d6c00000, 0x00000000d6c00000, 0x00000000d6d00000|  0%| F|  |TAMS 0x00000000d6c00000| PB 0x00000000d6c00000| Untracked 
| 207|0x00000000d6d00000, 0x00000000d6d00000, 0x00000000d6e00000|  0%| F|  |TAMS 0x00000000d6d00000| PB 0x00000000d6d00000| Untracked 
| 208|0x00000000d6e00000, 0x00000000d6e00000, 0x00000000d6f00000|  0%| F|  |TAMS 0x00000000d6e00000| PB 0x00000000d6e00000| Untracked 
| 209|0x00000000d6f00000, 0x00000000d6f00000, 0x00000000d7000000|  0%| F|  |TAMS 0x00000000d6f00000| PB 0x00000000d6f00000| Untracked 
| 210|0x00000000d7000000, 0x00000000d7000000, 0x00000000d7100000|  0%| F|  |TAMS 0x00000000d7000000| PB 0x00000000d7000000| Untracked 
| 211|0x00000000d7100000, 0x00000000d7100000, 0x00000000d7200000|  0%| F|  |TAMS 0x00000000d7100000| PB 0x00000000d7100000| Untracked 
| 212|0x00000000d7200000, 0x00000000d7200000, 0x00000000d7300000|  0%| F|  |TAMS 0x00000000d7200000| PB 0x00000000d7200000| Untracked 
| 213|0x00000000d7300000, 0x00000000d7300000, 0x00000000d7400000|  0%| F|  |TAMS 0x00000000d7300000| PB 0x00000000d7300000| Untracked 
| 214|0x00000000d7400000, 0x00000000d7400000, 0x00000000d7500000|  0%| F|  |TAMS 0x00000000d7400000| PB 0x00000000d7400000| Untracked 
| 215|0x00000000d7500000, 0x00000000d7500000, 0x00000000d7600000|  0%| F|  |TAMS 0x00000000d7500000| PB 0x00000000d7500000| Untracked 
| 216|0x00000000d7600000, 0x00000000d7600000, 0x00000000d7700000|  0%| F|  |TAMS 0x00000000d7600000| PB 0x00000000d7600000| Untracked 
| 217|0x00000000d7700000, 0x00000000d7700000, 0x00000000d7800000|  0%| F|  |TAMS 0x00000000d7700000| PB 0x00000000d7700000| Untracked 
| 218|0x00000000d7800000, 0x00000000d7800000, 0x00000000d7900000|  0%| F|  |TAMS 0x00000000d7800000| PB 0x00000000d7800000| Untracked 
| 219|0x00000000d7900000, 0x00000000d7900000, 0x00000000d7a00000|  0%| F|  |TAMS 0x00000000d7900000| PB 0x00000000d7900000| Untracked 
| 220|0x00000000d7a00000, 0x00000000d7a00000, 0x00000000d7b00000|  0%| F|  |TAMS 0x00000000d7a00000| PB 0x00000000d7a00000| Untracked 
| 221|0x00000000d7b00000, 0x00000000d7b00000, 0x00000000d7c00000|  0%| F|  |TAMS 0x00000000d7b00000| PB 0x00000000d7b00000| Untracked 
| 222|0x00000000d7c00000, 0x00000000d7c00000, 0x00000000d7d00000|  0%| F|  |TAMS 0x00000000d7c00000| PB 0x00000000d7c00000| Untracked 
| 223|0x00000000d7d00000, 0x00000000d7d00000, 0x00000000d7e00000|  0%| F|  |TAMS 0x00000000d7d00000| PB 0x00000000d7d00000| Untracked 
| 224|0x00000000d7e00000, 0x00000000d7e00000, 0x00000000d7f00000|  0%| F|  |TAMS 0x00000000d7e00000| PB 0x00000000d7e00000| Untracked 
| 225|0x00000000d7f00000, 0x00000000d7f00000, 0x00000000d8000000|  0%| F|  |TAMS 0x00000000d7f00000| PB 0x00000000d7f00000| Untracked 
| 226|0x00000000d8000000, 0x00000000d8000000, 0x00000000d8100000|  0%| F|  |TAMS 0x00000000d8000000| PB 0x00000000d8000000| Untracked 
| 227|0x00000000d8100000, 0x00000000d8100000, 0x00000000d8200000|  0%| F|  |TAMS 0x00000000d8100000| PB 0x00000000d8100000| Untracked 
| 228|0x00000000d8200000, 0x00000000d8200000, 0x00000000d8300000|  0%| F|  |TAMS 0x00000000d8200000| PB 0x00000000d8200000| Untracked 
| 229|0x00000000d8300000, 0x00000000d8300000, 0x00000000d8400000|  0%| F|  |TAMS 0x00000000d8300000| PB 0x00000000d8300000| Untracked 
| 230|0x00000000d8400000, 0x00000000d8400000, 0x00000000d8500000|  0%| F|  |TAMS 0x00000000d8400000| PB 0x00000000d8400000| Untracked 
| 231|0x00000000d8500000, 0x00000000d8500000, 0x00000000d8600000|  0%| F|  |TAMS 0x00000000d8500000| PB 0x00000000d8500000| Untracked 
| 232|0x00000000d8600000, 0x00000000d8600000, 0x00000000d8700000|  0%| F|  |TAMS 0x00000000d8600000| PB 0x00000000d8600000| Untracked 
| 233|0x00000000d8700000, 0x00000000d8700000, 0x00000000d8800000|  0%| F|  |TAMS 0x00000000d8700000| PB 0x00000000d8700000| Untracked 
| 234|0x00000000d8800000, 0x00000000d8800000, 0x00000000d8900000|  0%| F|  |TAMS 0x00000000d8800000| PB 0x00000000d8800000| Untracked 
| 235|0x00000000d8900000, 0x00000000d8900000, 0x00000000d8a00000|  0%| F|  |TAMS 0x00000000d8900000| PB 0x00000000d8900000| Untracked 
| 236|0x00000000d8a00000, 0x00000000d8a00000, 0x00000000d8b00000|  0%| F|  |TAMS 0x00000000d8a00000| PB 0x00000000d8a00000| Untracked 
| 237|0x00000000d8b00000, 0x00000000d8b00000, 0x00000000d8c00000|  0%| F|  |TAMS 0x00000000d8b00000| PB 0x00000000d8b00000| Untracked 
| 238|0x00000000d8c00000, 0x00000000d8c00000, 0x00000000d8d00000|  0%| F|  |TAMS 0x00000000d8c00000| PB 0x00000000d8c00000| Untracked 
| 239|0x00000000d8d00000, 0x00000000d8d00000, 0x00000000d8e00000|  0%| F|  |TAMS 0x00000000d8d00000| PB 0x00000000d8d00000| Untracked 
| 240|0x00000000d8e00000, 0x00000000d8e00000, 0x00000000d8f00000|  0%| F|  |TAMS 0x00000000d8e00000| PB 0x00000000d8e00000| Untracked 
| 241|0x00000000d8f00000, 0x00000000d8f00000, 0x00000000d9000000|  0%| F|  |TAMS 0x00000000d8f00000| PB 0x00000000d8f00000| Untracked 
| 242|0x00000000d9000000, 0x00000000d9000000, 0x00000000d9100000|  0%| F|  |TAMS 0x00000000d9000000| PB 0x00000000d9000000| Untracked 
| 243|0x00000000d9100000, 0x00000000d9100000, 0x00000000d9200000|  0%| F|  |TAMS 0x00000000d9100000| PB 0x00000000d9100000| Untracked 
| 244|0x00000000d9200000, 0x00000000d9200000, 0x00000000d9300000|  0%| F|  |TAMS 0x00000000d9200000| PB 0x00000000d9200000| Untracked 
| 245|0x00000000d9300000, 0x00000000d9300000, 0x00000000d9400000|  0%| F|  |TAMS 0x00000000d9300000| PB 0x00000000d9300000| Untracked 
| 246|0x00000000d9400000, 0x00000000d9400000, 0x00000000d9500000|  0%| F|  |TAMS 0x00000000d9400000| PB 0x00000000d9400000| Untracked 
| 247|0x00000000d9500000, 0x00000000d9500000, 0x00000000d9600000|  0%| F|  |TAMS 0x00000000d9500000| PB 0x00000000d9500000| Untracked 
| 248|0x00000000d9600000, 0x00000000d9600000, 0x00000000d9700000|  0%| F|  |TAMS 0x00000000d9600000| PB 0x00000000d9600000| Untracked 
| 249|0x00000000d9700000, 0x00000000d9700000, 0x00000000d9800000|  0%| F|  |TAMS 0x00000000d9700000| PB 0x00000000d9700000| Untracked 
| 250|0x00000000d9800000, 0x00000000d9800000, 0x00000000d9900000|  0%| F|  |TAMS 0x00000000d9800000| PB 0x00000000d9800000| Untracked 
| 251|0x00000000d9900000, 0x00000000d9900000, 0x00000000d9a00000|  0%| F|  |TAMS 0x00000000d9900000| PB 0x00000000d9900000| Untracked 
| 252|0x00000000d9a00000, 0x00000000d9a00000, 0x00000000d9b00000|  0%| F|  |TAMS 0x00000000d9a00000| PB 0x00000000d9a00000| Untracked 
| 253|0x00000000d9b00000, 0x00000000d9b00000, 0x00000000d9c00000|  0%| F|  |TAMS 0x00000000d9b00000| PB 0x00000000d9b00000| Untracked 
| 254|0x00000000d9c00000, 0x00000000d9c00000, 0x00000000d9d00000|  0%| F|  |TAMS 0x00000000d9c00000| PB 0x00000000d9c00000| Untracked 
| 255|0x00000000d9d00000, 0x00000000d9d00000, 0x00000000d9e00000|  0%| F|  |TAMS 0x00000000d9d00000| PB 0x00000000d9d00000| Untracked 
| 256|0x00000000d9e00000, 0x00000000d9e00000, 0x00000000d9f00000|  0%| F|  |TAMS 0x00000000d9e00000| PB 0x00000000d9e00000| Untracked 
| 257|0x00000000d9f00000, 0x00000000d9f00000, 0x00000000da000000|  0%| F|  |TAMS 0x00000000d9f00000| PB 0x00000000d9f00000| Untracked 
| 258|0x00000000da000000, 0x00000000da000000, 0x00000000da100000|  0%| F|  |TAMS 0x00000000da000000| PB 0x00000000da000000| Untracked 
| 259|0x00000000da100000, 0x00000000da100000, 0x00000000da200000|  0%| F|  |TAMS 0x00000000da100000| PB 0x00000000da100000| Untracked 
| 260|0x00000000da200000, 0x00000000da200000, 0x00000000da300000|  0%| F|  |TAMS 0x00000000da200000| PB 0x00000000da200000| Untracked 
| 261|0x00000000da300000, 0x00000000da300000, 0x00000000da400000|  0%| F|  |TAMS 0x00000000da300000| PB 0x00000000da300000| Untracked 
| 262|0x00000000da400000, 0x00000000da400000, 0x00000000da500000|  0%| F|  |TAMS 0x00000000da400000| PB 0x00000000da400000| Untracked 
| 263|0x00000000da500000, 0x00000000da500000, 0x00000000da600000|  0%| F|  |TAMS 0x00000000da500000| PB 0x00000000da500000| Untracked 
| 264|0x00000000da600000, 0x00000000da600000, 0x00000000da700000|  0%| F|  |TAMS 0x00000000da600000| PB 0x00000000da600000| Untracked 
| 265|0x00000000da700000, 0x00000000da700000, 0x00000000da800000|  0%| F|  |TAMS 0x00000000da700000| PB 0x00000000da700000| Untracked 
| 266|0x00000000da800000, 0x00000000da800000, 0x00000000da900000|  0%| F|  |TAMS 0x00000000da800000| PB 0x00000000da800000| Untracked 
| 267|0x00000000da900000, 0x00000000da900000, 0x00000000daa00000|  0%| F|  |TAMS 0x00000000da900000| PB 0x00000000da900000| Untracked 
| 268|0x00000000daa00000, 0x00000000daa00000, 0x00000000dab00000|  0%| F|  |TAMS 0x00000000daa00000| PB 0x00000000daa00000| Untracked 
| 269|0x00000000dab00000, 0x00000000dab00000, 0x00000000dac00000|  0%| F|  |TAMS 0x00000000dab00000| PB 0x00000000dab00000| Untracked 
| 270|0x00000000dac00000, 0x00000000dac00000, 0x00000000dad00000|  0%| F|  |TAMS 0x00000000dac00000| PB 0x00000000dac00000| Untracked 
| 271|0x00000000dad00000, 0x00000000dad00000, 0x00000000dae00000|  0%| F|  |TAMS 0x00000000dad00000| PB 0x00000000dad00000| Untracked 
| 272|0x00000000dae00000, 0x00000000dae00000, 0x00000000daf00000|  0%| F|  |TAMS 0x00000000dae00000| PB 0x00000000dae00000| Untracked 
| 273|0x00000000daf00000, 0x00000000daf00000, 0x00000000db000000|  0%| F|  |TAMS 0x00000000daf00000| PB 0x00000000daf00000| Untracked 
| 274|0x00000000db000000, 0x00000000db000000, 0x00000000db100000|  0%| F|  |TAMS 0x00000000db000000| PB 0x00000000db000000| Untracked 
| 275|0x00000000db100000, 0x00000000db100000, 0x00000000db200000|  0%| F|  |TAMS 0x00000000db100000| PB 0x00000000db100000| Untracked 
| 276|0x00000000db200000, 0x00000000db200000, 0x00000000db300000|  0%| F|  |TAMS 0x00000000db200000| PB 0x00000000db200000| Untracked 
| 277|0x00000000db300000, 0x00000000db300000, 0x00000000db400000|  0%| F|  |TAMS 0x00000000db300000| PB 0x00000000db300000| Untracked 
| 278|0x00000000db400000, 0x00000000db400000, 0x00000000db500000|  0%| F|  |TAMS 0x00000000db400000| PB 0x00000000db400000| Untracked 
| 279|0x00000000db500000, 0x00000000db500000, 0x00000000db600000|  0%| F|  |TAMS 0x00000000db500000| PB 0x00000000db500000| Untracked 
| 280|0x00000000db600000, 0x00000000db600000, 0x00000000db700000|  0%| F|  |TAMS 0x00000000db600000| PB 0x00000000db600000| Untracked 
| 281|0x00000000db700000, 0x00000000db700000, 0x00000000db800000|  0%| F|  |TAMS 0x00000000db700000| PB 0x00000000db700000| Untracked 
| 282|0x00000000db800000, 0x00000000db800000, 0x00000000db900000|  0%| F|  |TAMS 0x00000000db800000| PB 0x00000000db800000| Untracked 
| 283|0x00000000db900000, 0x00000000db900000, 0x00000000dba00000|  0%| F|  |TAMS 0x00000000db900000| PB 0x00000000db900000| Untracked 
| 284|0x00000000dba00000, 0x00000000dba00000, 0x00000000dbb00000|  0%| F|  |TAMS 0x00000000dba00000| PB 0x00000000dba00000| Untracked 
| 285|0x00000000dbb00000, 0x00000000dbb00000, 0x00000000dbc00000|  0%| F|  |TAMS 0x00000000dbb00000| PB 0x00000000dbb00000| Untracked 
| 286|0x00000000dbc00000, 0x00000000dbc00000, 0x00000000dbd00000|  0%| F|  |TAMS 0x00000000dbc00000| PB 0x00000000dbc00000| Untracked 
| 287|0x00000000dbd00000, 0x00000000dbd00000, 0x00000000dbe00000|  0%| F|  |TAMS 0x00000000dbd00000| PB 0x00000000dbd00000| Untracked 
| 288|0x00000000dbe00000, 0x00000000dbe00000, 0x00000000dbf00000|  0%| F|  |TAMS 0x00000000dbe00000| PB 0x00000000dbe00000| Untracked 
| 289|0x00000000dbf00000, 0x00000000dbf00000, 0x00000000dc000000|  0%| F|  |TAMS 0x00000000dbf00000| PB 0x00000000dbf00000| Untracked 
| 290|0x00000000dc000000, 0x00000000dc000000, 0x00000000dc100000|  0%| F|  |TAMS 0x00000000dc000000| PB 0x00000000dc000000| Untracked 
| 291|0x00000000dc100000, 0x00000000dc100000, 0x00000000dc200000|  0%| F|  |TAMS 0x00000000dc100000| PB 0x00000000dc100000| Untracked 
| 292|0x00000000dc200000, 0x00000000dc200000, 0x00000000dc300000|  0%| F|  |TAMS 0x00000000dc200000| PB 0x00000000dc200000| Untracked 
| 293|0x00000000dc300000, 0x00000000dc300000, 0x00000000dc400000|  0%| F|  |TAMS 0x00000000dc300000| PB 0x00000000dc300000| Untracked 
| 294|0x00000000dc400000, 0x00000000dc400000, 0x00000000dc500000|  0%| F|  |TAMS 0x00000000dc400000| PB 0x00000000dc400000| Untracked 
| 295|0x00000000dc500000, 0x00000000dc500000, 0x00000000dc600000|  0%| F|  |TAMS 0x00000000dc500000| PB 0x00000000dc500000| Untracked 
| 296|0x00000000dc600000, 0x00000000dc600000, 0x00000000dc700000|  0%| F|  |TAMS 0x00000000dc600000| PB 0x00000000dc600000| Untracked 
| 297|0x00000000dc700000, 0x00000000dc700000, 0x00000000dc800000|  0%| F|  |TAMS 0x00000000dc700000| PB 0x00000000dc700000| Untracked 
| 298|0x00000000dc800000, 0x00000000dc800000, 0x00000000dc900000|  0%| F|  |TAMS 0x00000000dc800000| PB 0x00000000dc800000| Untracked 
| 299|0x00000000dc900000, 0x00000000dc900000, 0x00000000dca00000|  0%| F|  |TAMS 0x00000000dc900000| PB 0x00000000dc900000| Untracked 
| 300|0x00000000dca00000, 0x00000000dca00000, 0x00000000dcb00000|  0%| F|  |TAMS 0x00000000dca00000| PB 0x00000000dca00000| Untracked 
| 301|0x00000000dcb00000, 0x00000000dcb00000, 0x00000000dcc00000|  0%| F|  |TAMS 0x00000000dcb00000| PB 0x00000000dcb00000| Untracked 
| 302|0x00000000dcc00000, 0x00000000dcc00000, 0x00000000dcd00000|  0%| F|  |TAMS 0x00000000dcc00000| PB 0x00000000dcc00000| Untracked 
| 303|0x00000000dcd00000, 0x00000000dcd00000, 0x00000000dce00000|  0%| F|  |TAMS 0x00000000dcd00000| PB 0x00000000dcd00000| Untracked 
| 304|0x00000000dce00000, 0x00000000dce00000, 0x00000000dcf00000|  0%| F|  |TAMS 0x00000000dce00000| PB 0x00000000dce00000| Untracked 
| 305|0x00000000dcf00000, 0x00000000dcf00000, 0x00000000dd000000|  0%| F|  |TAMS 0x00000000dcf00000| PB 0x00000000dcf00000| Untracked 
| 306|0x00000000dd000000, 0x00000000dd000000, 0x00000000dd100000|  0%| F|  |TAMS 0x00000000dd000000| PB 0x00000000dd000000| Untracked 
| 307|0x00000000dd100000, 0x00000000dd100000, 0x00000000dd200000|  0%| F|  |TAMS 0x00000000dd100000| PB 0x00000000dd100000| Untracked 
| 308|0x00000000dd200000, 0x00000000dd200000, 0x00000000dd300000|  0%| F|  |TAMS 0x00000000dd200000| PB 0x00000000dd200000| Untracked 
| 309|0x00000000dd300000, 0x00000000dd300000, 0x00000000dd400000|  0%| F|  |TAMS 0x00000000dd300000| PB 0x00000000dd300000| Untracked 
| 310|0x00000000dd400000, 0x00000000dd400000, 0x00000000dd500000|  0%| F|  |TAMS 0x00000000dd400000| PB 0x00000000dd400000| Untracked 
| 311|0x00000000dd500000, 0x00000000dd500000, 0x00000000dd600000|  0%| F|  |TAMS 0x00000000dd500000| PB 0x00000000dd500000| Untracked 
| 312|0x00000000dd600000, 0x00000000dd600000, 0x00000000dd700000|  0%| F|  |TAMS 0x00000000dd600000| PB 0x00000000dd600000| Untracked 
| 313|0x00000000dd700000, 0x00000000dd700000, 0x00000000dd800000|  0%| F|  |TAMS 0x00000000dd700000| PB 0x00000000dd700000| Untracked 
| 314|0x00000000dd800000, 0x00000000dd800000, 0x00000000dd900000|  0%| F|  |TAMS 0x00000000dd800000| PB 0x00000000dd800000| Untracked 
| 315|0x00000000dd900000, 0x00000000dd900000, 0x00000000dda00000|  0%| F|  |TAMS 0x00000000dd900000| PB 0x00000000dd900000| Untracked 
| 316|0x00000000dda00000, 0x00000000ddb00000, 0x00000000ddb00000|100%| E|  |TAMS 0x00000000dda00000| PB 0x00000000dda00000| Complete 
| 317|0x00000000ddb00000, 0x00000000ddc00000, 0x00000000ddc00000|100%| E|CS|TAMS 0x00000000ddb00000| PB 0x00000000ddb00000| Complete 
| 318|0x00000000ddc00000, 0x00000000ddd00000, 0x00000000ddd00000|100%| E|CS|TAMS 0x00000000ddc00000| PB 0x00000000ddc00000| Complete 
| 319|0x00000000ddd00000, 0x00000000dde00000, 0x00000000dde00000|100%| E|CS|TAMS 0x00000000ddd00000| PB 0x00000000ddd00000| Complete 
| 320|0x00000000dde00000, 0x00000000ddf00000, 0x00000000ddf00000|100%| E|CS|TAMS 0x00000000dde00000| PB 0x00000000dde00000| Complete 
| 321|0x00000000ddf00000, 0x00000000de000000, 0x00000000de000000|100%| E|CS|TAMS 0x00000000ddf00000| PB 0x00000000ddf00000| Complete 
| 322|0x00000000de000000, 0x00000000de100000, 0x00000000de100000|100%| E|CS|TAMS 0x00000000de000000| PB 0x00000000de000000| Complete 
| 323|0x00000000de100000, 0x00000000de200000, 0x00000000de200000|100%| E|CS|TAMS 0x00000000de100000| PB 0x00000000de100000| Complete 
| 324|0x00000000de200000, 0x00000000de300000, 0x00000000de300000|100%| E|CS|TAMS 0x00000000de200000| PB 0x00000000de200000| Complete 
| 325|0x00000000de300000, 0x00000000de400000, 0x00000000de400000|100%| E|CS|TAMS 0x00000000de300000| PB 0x00000000de300000| Complete 
| 326|0x00000000de400000, 0x00000000de500000, 0x00000000de500000|100%| E|CS|TAMS 0x00000000de400000| PB 0x00000000de400000| Complete 
| 327|0x00000000de500000, 0x00000000de600000, 0x00000000de600000|100%| E|CS|TAMS 0x00000000de500000| PB 0x00000000de500000| Complete 
| 328|0x00000000de600000, 0x00000000de700000, 0x00000000de700000|100%| E|CS|TAMS 0x00000000de600000| PB 0x00000000de600000| Complete 
| 329|0x00000000de700000, 0x00000000de800000, 0x00000000de800000|100%| E|CS|TAMS 0x00000000de700000| PB 0x00000000de700000| Complete 
| 330|0x00000000de800000, 0x00000000de900000, 0x00000000de900000|100%| E|CS|TAMS 0x00000000de800000| PB 0x00000000de800000| Complete 
| 331|0x00000000de900000, 0x00000000dea00000, 0x00000000dea00000|100%| E|CS|TAMS 0x00000000de900000| PB 0x00000000de900000| Complete 
| 332|0x00000000dea00000, 0x00000000deb00000, 0x00000000deb00000|100%| E|CS|TAMS 0x00000000dea00000| PB 0x00000000dea00000| Complete 
| 333|0x00000000deb00000, 0x00000000dec00000, 0x00000000dec00000|100%| E|CS|TAMS 0x00000000deb00000| PB 0x00000000deb00000| Complete 
| 334|0x00000000dec00000, 0x00000000ded00000, 0x00000000ded00000|100%| E|CS|TAMS 0x00000000dec00000| PB 0x00000000dec00000| Complete 
| 335|0x00000000ded00000, 0x00000000dee00000, 0x00000000dee00000|100%| E|CS|TAMS 0x00000000ded00000| PB 0x00000000ded00000| Complete 
| 336|0x00000000dee00000, 0x00000000def00000, 0x00000000def00000|100%| E|CS|TAMS 0x00000000dee00000| PB 0x00000000dee00000| Complete 
| 337|0x00000000def00000, 0x00000000df000000, 0x00000000df000000|100%| E|CS|TAMS 0x00000000def00000| PB 0x00000000def00000| Complete 
| 338|0x00000000df000000, 0x00000000df100000, 0x00000000df100000|100%| E|CS|TAMS 0x00000000df000000| PB 0x00000000df000000| Complete 
| 339|0x00000000df100000, 0x00000000df200000, 0x00000000df200000|100%| E|CS|TAMS 0x00000000df100000| PB 0x00000000df100000| Complete 
| 340|0x00000000df200000, 0x00000000df300000, 0x00000000df300000|100%| E|CS|TAMS 0x00000000df200000| PB 0x00000000df200000| Complete 
| 341|0x00000000df300000, 0x00000000df400000, 0x00000000df400000|100%| E|CS|TAMS 0x00000000df300000| PB 0x00000000df300000| Complete 
| 342|0x00000000df400000, 0x00000000df500000, 0x00000000df500000|100%| E|CS|TAMS 0x00000000df400000| PB 0x00000000df400000| Complete 
| 343|0x00000000df500000, 0x00000000df600000, 0x00000000df600000|100%| E|CS|TAMS 0x00000000df500000| PB 0x00000000df500000| Complete 
| 344|0x00000000df600000, 0x00000000df700000, 0x00000000df700000|100%| E|CS|TAMS 0x00000000df600000| PB 0x00000000df600000| Complete 
| 345|0x00000000df700000, 0x00000000df800000, 0x00000000df800000|100%| E|CS|TAMS 0x00000000df700000| PB 0x00000000df700000| Complete 
| 346|0x00000000df800000, 0x00000000df900000, 0x00000000df900000|100%| E|CS|TAMS 0x00000000df800000| PB 0x00000000df800000| Complete 
| 347|0x00000000df900000, 0x00000000dfa00000, 0x00000000dfa00000|100%| E|CS|TAMS 0x00000000df900000| PB 0x00000000df900000| Complete 
| 348|0x00000000dfa00000, 0x00000000dfb00000, 0x00000000dfb00000|100%| E|CS|TAMS 0x00000000dfa00000| PB 0x00000000dfa00000| Complete 
| 349|0x00000000dfb00000, 0x00000000dfc00000, 0x00000000dfc00000|100%| E|CS|TAMS 0x00000000dfb00000| PB 0x00000000dfb00000| Complete 
| 350|0x00000000dfc00000, 0x00000000dfd00000, 0x00000000dfd00000|100%| E|CS|TAMS 0x00000000dfc00000| PB 0x00000000dfc00000| Complete 

Card table byte_map: [0x000002493ec80000,0x000002493ee40000] _byte_map_base: 0x000002493e631000

Marking Bits: (CMBitMap*) 0x000002492c31d880
 Bits: [0x000002493ee40000, 0x000002493fbc8000)

Polling page: 0x000002492a130000

Metaspace:

Usage:
  Non-class:     60.77 MB used.
      Class:      9.57 MB used.
       Both:     70.34 MB used.

Virtual space:
  Non-class space:       64.00 MB reserved,      61.12 MB ( 96%) committed,  1 nodes.
      Class space:        1.00 GB reserved,       9.88 MB ( <1%) committed,  1 nodes.
             Both:        1.06 GB reserved,      71.00 MB (  7%) committed. 

Chunk freelists:
   Non-Class:  2.50 MB
       Class:  6.11 MB
        Both:  8.61 MB

MaxMetaspaceSize: unlimited
CompressedClassSpaceSize: 1.00 GB
Initial GC threshold: 21.00 MB
Current GC threshold: 114.50 MB
CDS: on
 - commit_granule_bytes: 65536.
 - commit_granule_words: 8192.
 - virtual_space_node_default_size: 8388608.
 - enlarge_chunks_in_place: 1.
 - use_allocation_guard: 0.


Internal statistics:

num_allocs_failed_limit: 6.
num_arena_births: 990.
num_arena_deaths: 0.
num_vsnodes_births: 2.
num_vsnodes_deaths: 0.
num_space_committed: 1136.
num_space_uncommitted: 0.
num_chunks_returned_to_freelist: 6.
num_chunks_taken_from_freelist: 3611.
num_chunk_merges: 6.
num_chunk_splits: 2649.
num_chunks_enlarged: 2092.
num_inconsistent_stats: 0.

CodeHeap 'non-profiled nmethods': size=120000Kb used=4198Kb max_used=4198Kb free=115801Kb
 bounds [0x0000024937750000, 0x0000024937b70000, 0x000002493ec80000]
CodeHeap 'profiled nmethods': size=120000Kb used=11618Kb max_used=11966Kb free=108381Kb
 bounds [0x000002492fc80000, 0x0000024930840000, 0x00000249371b0000]
CodeHeap 'non-nmethods': size=5760Kb used=1689Kb max_used=1779Kb free=4070Kb
 bounds [0x00000249371b0000, 0x0000024937420000, 0x0000024937750000]
 total_blobs=7033 nmethods=6313 adapters=623
 compilation: enabled
              stopped_count=0, restarted_count=0
 full_count=0

Compilation events (20 events):
Event: 82.969 Thread 0x00000249421cd150 7544       1       org.springframework.data.repository.util.QueryExecutionConverters$WrapperType::getType (5 bytes)
Event: 82.969 Thread 0x00000249421cd150 nmethod 7544 0x0000024937b68f90 code [0x0000024937b69120, 0x0000024937b691e8]
Event: 82.969 Thread 0x00000249421cd150 7546       3       org.springframework.core.annotation.AbstractMergedAnnotation::synthesize (38 bytes)
Event: 82.971 Thread 0x00000249421cd150 nmethod 7546 0x000002492fdeec90 code [0x000002492fdeee80, 0x000002492fdef2d0]
Event: 82.971 Thread 0x00000249421cd150 7545       3       org.springframework.core.annotation.TypeMappedAnnotation::createSynthesizedAnnotation (74 bytes)
Event: 82.975 Thread 0x00000249421cd150 nmethod 7545 0x000002492fdedb10 code [0x000002492fdedd80, 0x000002492fdee8f8]
Event: 82.975 Thread 0x00000249421cd150 7547       3       org.jboss.logging.Slf4jLocationAwareLogger::doLog (54 bytes)
Event: 82.980 Thread 0x00000249421cd150 nmethod 7547 0x0000024930669e10 code [0x000002493066a060, 0x000002493066a760]
Event: 82.986 Thread 0x00000249421cd150 7548       3       org.springframework.data.jpa.repository.query.HqlParser$NakedIdentifierContext::accept (26 bytes)
Event: 82.987 Thread 0x00000249421cd150 nmethod 7548 0x000002492fded290 code [0x000002492fded480, 0x000002492fded9d0]
Event: 83.021 Thread 0x00000249421cd150 7549       1       org.hibernate.query.hql.internal.SemanticQueryBuilder::getProcessingStateStack (5 bytes)
Event: 83.021 Thread 0x00000249421cd150 nmethod 7549 0x0000024937b69290 code [0x0000024937b69420, 0x0000024937b694e8]
Event: 83.027 Thread 0x00000249421cd150 7550       3       org.hibernate.internal.AbstractSharedSessionContract::getEventManager (8 bytes)
Event: 83.029 Thread 0x00000249421cd150 nmethod 7550 0x000002492fd56e10 code [0x000002492fd56fa0, 0x000002492fd570d0]
Event: 83.029 Thread 0x00000249421cd150 7551       1       org.springframework.data.jpa.repository.query.ParameterBinding$Named::name (5 bytes)
Event: 83.030 Thread 0x00000249421cd150 nmethod 7551 0x0000024937b69590 code [0x0000024937b69720, 0x0000024937b697e8]
Event: 83.030 Thread 0x00000249421cd150 7552       3       java.lang.invoke.LambdaForm$MH/0x0000024944345000::invoke (48 bytes)
Event: 83.031 Thread 0x00000249421cd150 nmethod 7552 0x0000024930669290 code [0x0000024930669480, 0x0000024930669c80]
Event: 83.031 Thread 0x00000249421cd150 7553       3       java.lang.invoke.LambdaForm$DMH/0x00000249440b0c00::invokeSpecial (15 bytes)
Event: 83.032 Thread 0x00000249421cd150 nmethod 7553 0x0000024930668a90 code [0x0000024930668c60, 0x0000024930669158]

GC Heap History (20 events):
Event: 64.127 GC heap before
{Heap before GC invocations=25 (full 0):
 garbage-first heap   total 97280K, used 78080K [0x00000000c9e00000, 0x0000000100000000)
  region size 1024K, 29 young (29696K), 3 survivors (3072K)
 Metaspace       used 69623K, committed 70336K, reserved 1114112K
  class space    used 9488K, committed 9792K, reserved 1048576K
}
Event: 64.153 GC heap after
{Heap after GC invocations=26 (full 0):
 garbage-first heap   total 97280K, used 57344K [0x00000000c9e00000, 0x0000000100000000)
  region size 1024K, 4 young (4096K), 4 survivors (4096K)
 Metaspace       used 69623K, committed 70336K, reserved 1114112K
  class space    used 9488K, committed 9792K, reserved 1048576K
}
Event: 64.584 GC heap before
{Heap before GC invocations=26 (full 0):
 garbage-first heap   total 97280K, used 80896K [0x00000000c9e00000, 0x0000000100000000)
  region size 1024K, 27 young (27648K), 4 survivors (4096K)
 Metaspace       used 69634K, committed 70336K, reserved 1114112K
  class space    used 9488K, committed 9792K, reserved 1048576K
}
Event: 64.602 GC heap after
{Heap after GC invocations=27 (full 0):
 garbage-first heap   total 97280K, used 64459K [0x00000000c9e00000, 0x0000000100000000)
  region size 1024K, 4 young (4096K), 4 survivors (4096K)
 Metaspace       used 69634K, committed 70336K, reserved 1114112K
  class space    used 9488K, committed 9792K, reserved 1048576K
}
Event: 64.900 GC heap before
{Heap before GC invocations=28 (full 0):
 garbage-first heap   total 102400K, used 79819K [0x00000000c9e00000, 0x0000000100000000)
  region size 1024K, 22 young (22528K), 4 survivors (4096K)
 Metaspace       used 69640K, committed 70336K, reserved 1114112K
  class space    used 9488K, committed 9792K, reserved 1048576K
}
Event: 64.918 GC heap after
{Heap after GC invocations=29 (full 0):
 garbage-first heap   total 102400K, used 65536K [0x00000000c9e00000, 0x0000000100000000)
  region size 1024K, 3 young (3072K), 3 survivors (3072K)
 Metaspace       used 69640K, committed 70336K, reserved 1114112K
  class space    used 9488K, committed 9792K, reserved 1048576K
}
Event: 65.498 GC heap before
{Heap before GC invocations=29 (full 0):
 garbage-first heap   total 102400K, used 87040K [0x00000000c9e00000, 0x0000000100000000)
  region size 1024K, 24 young (24576K), 3 survivors (3072K)
 Metaspace       used 69640K, committed 70336K, reserved 1114112K
  class space    used 9488K, committed 9792K, reserved 1048576K
}
Event: 65.519 GC heap after
{Heap after GC invocations=30 (full 0):
 garbage-first heap   total 102400K, used 65024K [0x00000000c9e00000, 0x0000000100000000)
  region size 1024K, 3 young (3072K), 3 survivors (3072K)
 Metaspace       used 69640K, committed 70336K, reserved 1114112K
  class space    used 9488K, committed 9792K, reserved 1048576K
}
Event: 66.746 GC heap before
{Heap before GC invocations=30 (full 0):
 garbage-first heap   total 102400K, used 84480K [0x00000000c9e00000, 0x0000000100000000)
  region size 1024K, 22 young (22528K), 3 survivors (3072K)
 Metaspace       used 69679K, committed 70400K, reserved 1114112K
  class space    used 9488K, committed 9792K, reserved 1048576K
}
Event: 66.757 GC heap after
{Heap after GC invocations=31 (full 0):
 garbage-first heap   total 102400K, used 66816K [0x00000000c9e00000, 0x0000000100000000)
  region size 1024K, 3 young (3072K), 3 survivors (3072K)
 Metaspace       used 69679K, committed 70400K, reserved 1114112K
  class space    used 9488K, committed 9792K, reserved 1048576K
}
Event: 67.204 GC heap before
{Heap before GC invocations=31 (full 0):
 garbage-first heap   total 102400K, used 86272K [0x00000000c9e00000, 0x0000000100000000)
  region size 1024K, 22 young (22528K), 3 survivors (3072K)
 Metaspace       used 69679K, committed 70400K, reserved 1114112K
  class space    used 9488K, committed 9792K, reserved 1048576K
}
Event: 67.222 GC heap after
{Heap after GC invocations=32 (full 0):
 garbage-first heap   total 102400K, used 75776K [0x00000000c9e00000, 0x0000000100000000)
  region size 1024K, 3 young (3072K), 3 survivors (3072K)
 Metaspace       used 69679K, committed 70400K, reserved 1114112K
  class space    used 9488K, committed 9792K, reserved 1048576K
}
Event: 67.546 GC heap before
{Heap before GC invocations=33 (full 0):
 garbage-first heap   total 119808K, used 84992K [0x00000000c9e00000, 0x0000000100000000)
  region size 1024K, 16 young (16384K), 3 survivors (3072K)
 Metaspace       used 69679K, committed 70400K, reserved 1114112K
  class space    used 9488K, committed 9792K, reserved 1048576K
}
Event: 67.564 GC heap after
{Heap after GC invocations=34 (full 0):
 garbage-first heap   total 119808K, used 77158K [0x00000000c9e00000, 0x0000000100000000)
  region size 1024K, 2 young (2048K), 2 survivors (2048K)
 Metaspace       used 69679K, committed 70400K, reserved 1114112K
  class space    used 9488K, committed 9792K, reserved 1048576K
}
Event: 67.871 GC heap before
{Heap before GC invocations=34 (full 0):
 garbage-first heap   total 119808K, used 98662K [0x00000000c9e00000, 0x0000000100000000)
  region size 1024K, 22 young (22528K), 2 survivors (2048K)
 Metaspace       used 69679K, committed 70400K, reserved 1114112K
  class space    used 9488K, committed 9792K, reserved 1048576K
}
Event: 67.902 GC heap after
{Heap after GC invocations=35 (full 0):
 garbage-first heap   total 359424K, used 78660K [0x00000000c9e00000, 0x0000000100000000)
  region size 1024K, 3 young (3072K), 3 survivors (3072K)
 Metaspace       used 69679K, committed 70400K, reserved 1114112K
  class space    used 9488K, committed 9792K, reserved 1048576K
}
Event: 76.021 GC heap before
{Heap before GC invocations=35 (full 0):
 garbage-first heap   total 359424K, used 228164K [0x00000000c9e00000, 0x0000000100000000)
  region size 1024K, 150 young (153600K), 3 survivors (3072K)
 Metaspace       used 71630K, committed 72320K, reserved 1114112K
  class space    used 9739K, committed 10048K, reserved 1048576K
}
Event: 76.119 GC heap after
{Heap after GC invocations=36 (full 0):
 garbage-first heap   total 359424K, used 92996K [0x00000000c9e00000, 0x0000000100000000)
  region size 1024K, 17 young (17408K), 17 survivors (17408K)
 Metaspace       used 71630K, committed 72320K, reserved 1114112K
  class space    used 9739K, committed 10048K, reserved 1048576K
}
Event: 79.336 GC heap before
{Heap before GC invocations=36 (full 0):
 garbage-first heap   total 359424K, used 269124K [0x00000000c9e00000, 0x0000000100000000)
  region size 1024K, 189 young (193536K), 17 survivors (17408K)
 Metaspace       used 71656K, committed 72384K, reserved 1114112K
  class space    used 9741K, committed 10048K, reserved 1048576K
}
Event: 79.404 GC heap after
{Heap after GC invocations=37 (full 0):
 garbage-first heap   total 359424K, used 89560K [0x00000000c9e00000, 0x0000000100000000)
  region size 1024K, 2 young (2048K), 2 survivors (2048K)
 Metaspace       used 71656K, committed 72384K, reserved 1114112K
  class space    used 9741K, committed 10048K, reserved 1048576K
}

Dll operation events (11 events):
Event: 0.116 Loaded shared library C:\Users\lenovo\.p2\pool\plugins\org.eclipse.justj.openjdk.hotspot.jre.full.win32.x86_64_21.0.7.v20250502-0916\jre\bin\java.dll
Event: 0.811 Loaded shared library C:\Users\lenovo\.p2\pool\plugins\org.eclipse.justj.openjdk.hotspot.jre.full.win32.x86_64_21.0.7.v20250502-0916\jre\bin\zip.dll
Event: 1.881 Loaded shared library C:\Users\lenovo\.p2\pool\plugins\org.eclipse.justj.openjdk.hotspot.jre.full.win32.x86_64_21.0.7.v20250502-0916\jre\bin\net.dll
Event: 1.911 Loaded shared library C:\Users\lenovo\.p2\pool\plugins\org.eclipse.justj.openjdk.hotspot.jre.full.win32.x86_64_21.0.7.v20250502-0916\jre\bin\nio.dll
Event: 1.927 Loaded shared library C:\Users\lenovo\.p2\pool\plugins\org.eclipse.justj.openjdk.hotspot.jre.full.win32.x86_64_21.0.7.v20250502-0916\jre\bin\zip.dll
Event: 2.645 Loaded shared library C:\Users\lenovo\.p2\pool\plugins\org.eclipse.justj.openjdk.hotspot.jre.full.win32.x86_64_21.0.7.v20250502-0916\jre\bin\jimage.dll
Event: 10.905 Loaded shared library C:\Users\lenovo\.p2\pool\plugins\org.eclipse.justj.openjdk.hotspot.jre.full.win32.x86_64_21.0.7.v20250502-0916\jre\bin\sunmscapi.dll
Event: 27.585 Loaded shared library C:\Users\lenovo\.p2\pool\plugins\org.eclipse.justj.openjdk.hotspot.jre.full.win32.x86_64_21.0.7.v20250502-0916\jre\bin\management.dll
Event: 27.610 Loaded shared library C:\Users\lenovo\.p2\pool\plugins\org.eclipse.justj.openjdk.hotspot.jre.full.win32.x86_64_21.0.7.v20250502-0916\jre\bin\management_ext.dll
Event: 31.924 Loaded shared library C:\Users\lenovo\.p2\pool\plugins\org.eclipse.justj.openjdk.hotspot.jre.full.win32.x86_64_21.0.7.v20250502-0916\jre\bin\verify.dll
Event: 33.943 Loaded shared library C:\Users\lenovo\.p2\pool\plugins\org.eclipse.justj.openjdk.hotspot.jre.full.win32.x86_64_21.0.7.v20250502-0916\jre\bin\extnet.dll

Deoptimization events (20 events):
Event: 77.880 Thread 0x0000024929e9c110 DEOPT PACKING pc=0x0000024930684d9d sp=0x000000702cafaff0
Event: 77.880 Thread 0x0000024929e9c110 DEOPT UNPACKING pc=0x0000024937204e42 sp=0x000000702cafa4d8 mode 0
Event: 78.435 Thread 0x0000024929e9c110 Uncommon trap: trap_request=0xffffff45 fr.pc=0x0000024937a7fea0 relative=0x00000000000001e0
Event: 78.435 Thread 0x0000024929e9c110 Uncommon trap: reason=unstable_if action=reinterpret pc=0x0000024937a7fea0 method=java.util.HashMap.getNode(Ljava/lang/Object;)Ljava/util/HashMap$Node; @ 131 c2
Event: 78.435 Thread 0x0000024929e9c110 DEOPT PACKING pc=0x0000024937a7fea0 sp=0x000000702cafad10
Event: 78.435 Thread 0x0000024929e9c110 DEOPT UNPACKING pc=0x00000249372046a2 sp=0x000000702cafac80 mode 2
Event: 80.546 Thread 0x0000024929e9c110 DEOPT PACKING pc=0x000002493068e34f sp=0x000000702cafb6b0
Event: 80.546 Thread 0x0000024929e9c110 DEOPT UNPACKING pc=0x0000024937204e42 sp=0x000000702cafab40 mode 0
Event: 81.818 Thread 0x0000024929e9c110 Uncommon trap: trap_request=0xffffff45 fr.pc=0x0000024937b02eac relative=0x00000000000012ac
Event: 81.819 Thread 0x0000024929e9c110 Uncommon trap: reason=unstable_if action=reinterpret pc=0x0000024937b02eac method=org.springframework.transaction.annotation.SpringTransactionAnnotationParser.parseTransactionAnnotation(Ljava/lang/reflect/AnnotatedElement;)Lorg/springframework/transaction
Event: 81.819 Thread 0x0000024929e9c110 DEOPT PACKING pc=0x0000024937b02eac sp=0x000000702cafd440
Event: 81.819 Thread 0x0000024929e9c110 DEOPT UNPACKING pc=0x00000249372046a2 sp=0x000000702cafd3a0 mode 2
Event: 82.747 Thread 0x0000024929e9c110 Uncommon trap: trap_request=0xffffffde fr.pc=0x00000249379666d8 relative=0x0000000000000ef8
Event: 82.747 Thread 0x0000024929e9c110 Uncommon trap: reason=class_check action=maybe_recompile pc=0x00000249379666d8 method=org.springframework.core.annotation.TypeMappedAnnotations$IsPresent.doWithAnnotations(Ljava/lang/Object;ILjava/lang/Object;[Ljava/lang/annotation/Annotation;)Ljava/lang/
Event: 82.747 Thread 0x0000024929e9c110 DEOPT PACKING pc=0x00000249379666d8 sp=0x000000702cafc4f0
Event: 82.747 Thread 0x0000024929e9c110 DEOPT UNPACKING pc=0x00000249372046a2 sp=0x000000702cafc498 mode 2
Event: 82.752 Thread 0x0000024929e9c110 Uncommon trap: trap_request=0xffffffcc fr.pc=0x0000024937b675ac relative=0x000000000000036c
Event: 82.752 Thread 0x0000024929e9c110 Uncommon trap: reason=intrinsic_or_type_checked_inlining action=make_not_entrant pc=0x0000024937b675ac method=java.util.ArrayList.toArray([Ljava/lang/Object;)[Ljava/lang/Object; @ 36 c2
Event: 82.753 Thread 0x0000024929e9c110 DEOPT PACKING pc=0x0000024937b675ac sp=0x000000702cafc440
Event: 82.753 Thread 0x0000024929e9c110 DEOPT UNPACKING pc=0x00000249372046a2 sp=0x000000702cafc420 mode 2

Classes loaded (20 events):
Event: 71.580 Loading class jdk/internal/access/JavaxCryptoSpecAccess
Event: 71.580 Loading class jdk/internal/access/JavaxCryptoSpecAccess done
Event: 71.580 Loading class jdk/internal/access/JavaxCryptoSealedObjectAccess
Event: 71.581 Loading class jdk/internal/access/JavaxCryptoSealedObjectAccess done
Event: 71.581 Loading class jdk/internal/access/JavaTemplateAccess
Event: 71.581 Loading class jdk/internal/access/JavaTemplateAccess done
Event: 71.602 Loading class sun/nio/ch/Interruptible
Event: 71.603 Loading class sun/nio/ch/Interruptible done
Event: 71.604 Loading class jdk/internal/reflect/ConstantPool$Tag
Event: 71.605 Loading class jdk/internal/reflect/ConstantPool$Tag done
Event: 71.885 Loading class java/util/WeakHashMap$KeyIterator
Event: 71.887 Loading class java/util/WeakHashMap$HashIterator
Event: 71.888 Loading class java/util/WeakHashMap$HashIterator done
Event: 71.888 Loading class java/util/WeakHashMap$KeyIterator done
Event: 71.889 Loading class java/util/WeakHashMap$EntrySet
Event: 71.895 Loading class java/util/WeakHashMap$EntrySet done
Event: 71.895 Loading class java/util/WeakHashMap$EntryIterator
Event: 71.895 Loading class java/util/WeakHashMap$EntryIterator done
Event: 72.956 Loading class java/lang/invoke/SerializedLambda
Event: 72.965 Loading class java/lang/invoke/SerializedLambda done

Classes unloaded (0 events):
No events

Classes redefined (0 events):
No events

Internal exceptions (20 events):
Event: 43.269 Thread 0x0000024929e9c110 Exception <a 'java/lang/NoSuchMethodError'{0x00000000cc274460}: 'int java.lang.invoke.DirectMethodHandle$Holder.invokeStatic(java.lang.Object, int, java.lang.Object)'> (0x00000000cc274460) 
thrown [s\src\hotspot\share\interpreter\linkResolver.cpp, line 773]
Event: 43.275 Thread 0x0000024929e9c110 Exception <a 'java/lang/NoSuchMethodError'{0x00000000cc291e58}: 'java.lang.Object java.lang.invoke.DirectMethodHandle$Holder.newInvokeSpecial(java.lang.Object, java.lang.Object, java.lang.Object, java.lang.Object, java.lang.Object, int, java.lang.Object)'> (0x00000000cc291e58) 
thrown [s\src\hotspot\share\interpreter\linkResolver.cpp, line 773]
Event: 43.294 Thread 0x0000024929e9c110 Exception <a 'java/lang/NoSuchMethodError'{0x00000000cc2c3860}: 'java.lang.Object java.lang.invoke.Invokers$Holder.linkToTargetMethod(java.lang.Object, java.lang.Object, java.lang.Object, java.lang.Object, java.lang.Object, java.lang.Object, java.lang.Object, java.lang.Object, java.lang.Object, java.lang.Object, java.lang.Object, java.lang.Object)'> (0x00000000cc2c3860) 
thrown [s\src\hotspot\share\interpreter\linkResolver.cpp, line 773]
Event: 43.461 Thread 0x0000024929e9c110 Exception <a 'java/lang/IncompatibleClassChangeError'{0x00000000cd456348}: Found class java.lang.Object, but interface was expected> (0x00000000cd456348) 
thrown [s\src\hotspot\share\interpreter\linkResolver.cpp, line 840]
Event: 43.508 Thread 0x0000024929e9c110 Exception <a 'java/lang/NoSuchMethodError'{0x00000000cd4c8770}: 'java.lang.Object java.lang.invoke.DirectMethodHandle$Holder.newInvokeSpecial(java.lang.Object, java.lang.Object, java.lang.Object, java.lang.Object, java.lang.Object, java.lang.Object, java.lang.Object, int)'> (0x00000000cd4c8770) 
thrown [s\src\hotspot\share\interpreter\linkResolver.cpp, line 773]
Event: 43.508 Thread 0x0000024929e9c110 Exception <a 'java/lang/NoSuchMethodError'{0x00000000cd4cd820}: 'java.lang.Object java.lang.invoke.DirectMethodHandle$Holder.invokeSpecial(java.lang.Object, java.lang.Object, java.lang.Object, java.lang.Object, java.lang.Object, java.lang.Object, java.lang.Object, java.lang.Object, int)'> (0x00000000cd4cd820) 
thrown [s\src\hotspot\share\interpreter\linkResolver.cpp, line 773]
Event: 43.509 Thread 0x0000024929e9c110 Exception <a 'java/lang/NoSuchMethodError'{0x00000000cd4d2068}: 'java.lang.Object java.lang.invoke.Invokers$Holder.linkToTargetMethod(java.lang.Object, java.lang.Object, java.lang.Object, java.lang.Object, java.lang.Object, java.lang.Object, int, java.lang.Object)'> (0x00000000cd4d2068) 
thrown [s\src\hotspot\share\interpreter\linkResolver.cpp, line 773]
Event: 43.609 Thread 0x0000024929e9c110 Exception <a 'java/lang/NoSuchMethodError'{0x00000000cd3de740}: 'java.lang.Object java.lang.invoke.DirectMethodHandle$Holder.newInvokeSpecial(java.lang.Object, java.lang.Object, int, java.lang.Object, int, java.lang.Object, java.lang.Object)'> (0x00000000cd3de740) 
thrown [s\src\hotspot\share\interpreter\linkResolver.cpp, line 773]
Event: 44.840 Thread 0x0000024929e9c110 Exception <a 'java/lang/NoSuchMethodError'{0x00000000cce587d0}: 'java.lang.Object java.lang.invoke.DirectMethodHandle$Holder.invokeSpecial(java.lang.Object, java.lang.Object, int, java.lang.Object, int)'> (0x00000000cce587d0) 
thrown [s\src\hotspot\share\interpreter\linkResolver.cpp, line 773]
Event: 45.344 Thread 0x0000024929e9c110 Implicit null exception at 0x00000249379ef0b0 to 0x00000249379f0b28
Event: 45.375 Thread 0x0000024929e9c110 Exception <a 'java/lang/IncompatibleClassChangeError'{0x00000000cc958ce0}: Found class java.lang.Object, but interface was expected> (0x00000000cc958ce0) 
thrown [s\src\hotspot\share\interpreter\linkResolver.cpp, line 840]
Event: 45.525 Thread 0x0000024929e9c110 Implicit null exception at 0x0000024937ae2b77 to 0x0000024937ae2de0
Event: 45.648 Thread 0x0000024929e9c110 Exception <a 'java/lang/IncompatibleClassChangeError'{0x00000000cc73b850}: Found class java.lang.Object, but interface was expected> (0x00000000cc73b850) 
thrown [s\src\hotspot\share\interpreter\linkResolver.cpp, line 840]
Event: 47.188 Thread 0x0000024929e9c110 Exception <a 'java/lang/IncompatibleClassChangeError'{0x00000000cd539660}: Found class java.lang.Object, but interface was expected> (0x00000000cd539660) 
thrown [s\src\hotspot\share\interpreter\linkResolver.cpp, line 840]
Event: 47.797 Thread 0x0000024929e9c110 Exception <a 'java/lang/IncompatibleClassChangeError'{0x00000000cd3f8be8}: Found class java.lang.Object, but interface was expected> (0x00000000cd3f8be8) 
thrown [s\src\hotspot\share\interpreter\linkResolver.cpp, line 840]
Event: 49.519 Thread 0x0000024929e9c110 Exception <a 'java/lang/NoSuchMethodError'{0x00000000ccccd608}: 'long java.lang.invoke.DirectMethodHandle$Holder.invokeVirtual(java.lang.Object, java.lang.Object)'> (0x00000000ccccd608) 
thrown [s\src\hotspot\share\interpreter\linkResolver.cpp, line 773]
Event: 49.884 Thread 0x0000024929e9c110 Exception <a 'java/lang/NoSuchMethodError'{0x00000000ccbdb538}: 'void java.lang.invoke.DirectMethodHandle$Holder.invokeVirtual(java.lang.Object, java.lang.Object, long)'> (0x00000000ccbdb538) 
thrown [s\src\hotspot\share\interpreter\linkResolver.cpp, line 773]
Event: 50.324 Thread 0x0000024929e9c110 Exception <a 'java/lang/NoSuchMethodError'{0x00000000cc81d8f0}: 'int java.lang.invoke.DirectMethodHandle$Holder.invokeStaticInit(java.lang.Object, int, java.lang.Object, java.lang.Object, java.lang.Object, java.lang.Object)'> (0x00000000cc81d8f0) 
thrown [s\src\hotspot\share\interpreter\linkResolver.cpp, line 773]
Event: 51.705 Thread 0x0000024929e9c110 Exception <a 'java/io/FileNotFoundException'{0x00000000cc5bd0f8}> (0x00000000cc5bd0f8) 
thrown [s\src\hotspot\share\prims\jni.cpp, line 520]
Event: 51.708 Thread 0x0000024929e9c110 Exception <a 'java/io/FileNotFoundException'{0x00000000cc5c7398}> (0x00000000cc5c7398) 
thrown [s\src\hotspot\share\prims\jni.cpp, line 520]

ZGC Phase Switch (0 events):
No events

VM Operations (20 events):
Event: 73.026 Executing VM operation: Cleanup
Event: 73.043 Executing VM operation: Cleanup done
Event: 74.060 Executing VM operation: Cleanup
Event: 74.073 Executing VM operation: Cleanup done
Event: 75.085 Executing VM operation: Cleanup
Event: 75.087 Executing VM operation: Cleanup done
Event: 76.021 Executing VM operation: G1CollectForAllocation (G1 Evacuation Pause)
Event: 76.120 Executing VM operation: G1CollectForAllocation (G1 Evacuation Pause) done
Event: 78.136 Executing VM operation: Cleanup
Event: 78.136 Executing VM operation: Cleanup done
Event: 79.145 Executing VM operation: Cleanup
Event: 79.161 Executing VM operation: Cleanup done
Event: 79.328 Executing VM operation: G1CollectForAllocation (G1 Evacuation Pause)
Event: 79.404 Executing VM operation: G1CollectForAllocation (G1 Evacuation Pause) done
Event: 80.410 Executing VM operation: Cleanup
Event: 80.410 Executing VM operation: Cleanup done
Event: 81.425 Executing VM operation: Cleanup
Event: 81.442 Executing VM operation: Cleanup done
Event: 82.459 Executing VM operation: Cleanup
Event: 82.475 Executing VM operation: Cleanup done

Memory protections (0 events):
No events

Nmethod flushes (20 events):
Event: 67.456 Thread 0x0000024942130530 flushing  nmethod 0x000002493081ee90
Event: 67.456 Thread 0x0000024942130530 flushing  nmethod 0x000002493081f210
Event: 67.456 Thread 0x0000024942130530 flushing  nmethod 0x0000024930821990
Event: 67.456 Thread 0x0000024942130530 flushing  nmethod 0x0000024930822310
Event: 67.456 Thread 0x0000024942130530 flushing  nmethod 0x0000024930823590
Event: 67.456 Thread 0x0000024942130530 flushing  nmethod 0x0000024930828c90
Event: 67.456 Thread 0x0000024942130530 flushing  nmethod 0x0000024930829210
Event: 67.456 Thread 0x0000024942130530 flushing  nmethod 0x000002493082b810
Event: 67.456 Thread 0x0000024942130530 flushing  nmethod 0x000002493082c190
Event: 67.456 Thread 0x0000024942130530 flushing  nmethod 0x000002493082ce10
Event: 67.456 Thread 0x0000024942130530 flushing  nmethod 0x000002493082fc90
Event: 67.456 Thread 0x0000024942130530 flushing  nmethod 0x0000024937a95c90
Event: 67.456 Thread 0x0000024942130530 flushing  nmethod 0x000002492fccf710
Event: 67.456 Thread 0x0000024942130530 flushing  nmethod 0x000002492fd66290
Event: 67.456 Thread 0x0000024942130530 flushing  nmethod 0x000002492fe16310
Event: 67.456 Thread 0x0000024942130530 flushing  nmethod 0x000002492fe16710
Event: 67.456 Thread 0x0000024942130530 flushing  nmethod 0x000002492ffa8d10
Event: 67.456 Thread 0x0000024942130530 flushing  nmethod 0x00000249302fa610
Event: 67.456 Thread 0x0000024942130530 flushing osr nmethod 0x0000024930320490
Event: 67.456 Thread 0x0000024942130530 flushing  nmethod 0x000002493045b490

Events (20 events):
Event: 1.295 Thread 0x0000024929e9c110 Thread added: 0x0000024942158b20
Event: 1.315 Thread 0x0000024929e9c110 Thread added: 0x000002494215a9b0
Event: 1.333 Thread 0x0000024929e9c110 Thread added: 0x000002494215fd40
Event: 1.345 Thread 0x0000024929e9c110 Thread added: 0x0000024942161f00
Event: 1.376 Thread 0x0000024929e9c110 Thread added: 0x00000249421cd150
Event: 1.813 Thread 0x0000024929e9c110 Thread added: 0x000002494229d450
Event: 1.846 Thread 0x0000024929e9c110 Thread added: 0x00000249422afc60
Event: 6.299 Thread 0x0000024929e9c110 Thread added: 0x00000249884628e0
Event: 11.060 Thread 0x00000249884628e0 Thread exited: 0x00000249884628e0
Event: 12.113 Thread 0x0000024929e9c110 Thread added: 0x0000024988c2d010
Event: 12.359 Thread 0x0000024988c2d010 Thread exited: 0x0000024988c2d010
Event: 28.522 Thread 0x0000024929e9c110 Thread added: 0x0000024942540590
Event: 34.678 Thread 0x0000024929e9c110 Thread added: 0x0000024989952ce0
Event: 34.828 Thread 0x0000024989952ce0 Thread added: 0x0000024988e0c040
Event: 40.642 Thread 0x0000024988e0c040 Thread exited: 0x0000024988e0c040
Event: 49.660 Thread 0x0000024929e9c110 Thread added: 0x000002498a32e700
Event: 49.675 Thread 0x0000024929e9c110 Thread added: 0x000002498a32ed90
Event: 49.717 Thread 0x0000024929e9c110 Thread added: 0x000002498a32e070
Event: 50.353 Thread 0x00000249421cd150 Thread added: 0x000002498835f070
Event: 54.252 Thread 0x000002498835f070 Thread exited: 0x000002498835f070


Dynamic libraries:
0x00007ff7825e0000 - 0x00007ff7825ee000 	C:\Users\lenovo\.p2\pool\plugins\org.eclipse.justj.openjdk.hotspot.jre.full.win32.x86_64_21.0.7.v20250502-0916\jre\bin\javaw.exe
0x00007ffe8d800000 - 0x00007ffe8da65000 	C:\WINDOWS\SYSTEM32\ntdll.dll
0x00007ffe8c5e0000 - 0x00007ffe8c6a9000 	C:\WINDOWS\System32\KERNEL32.DLL
0x00007ffe8acf0000 - 0x00007ffe8b0d8000 	C:\WINDOWS\System32\KERNELBASE.dll
0x00007ffe8b220000 - 0x00007ffe8b36b000 	C:\WINDOWS\System32\ucrtbase.dll
0x00007ffe7cc60000 - 0x00007ffe7cc78000 	C:\Users\lenovo\.p2\pool\plugins\org.eclipse.justj.openjdk.hotspot.jre.full.win32.x86_64_21.0.7.v20250502-0916\jre\bin\jli.dll
0x00007ffe8bb10000 - 0x00007ffe8bcda000 	C:\WINDOWS\System32\USER32.dll
0x00007ffe8aa10000 - 0x00007ffe8aa37000 	C:\WINDOWS\System32\win32u.dll
0x00007ffe8b5a0000 - 0x00007ffe8b5cb000 	C:\WINDOWS\System32\GDI32.dll
0x00007ffe8b0e0000 - 0x00007ffe8b217000 	C:\WINDOWS\System32\gdi32full.dll
0x00007ffe8b370000 - 0x00007ffe8b413000 	C:\WINDOWS\System32\msvcp_win.dll
0x00007ffe79830000 - 0x00007ffe7984e000 	C:\Users\lenovo\.p2\pool\plugins\org.eclipse.justj.openjdk.hotspot.jre.full.win32.x86_64_21.0.7.v20250502-0916\jre\bin\VCRUNTIME140.dll
0x00007ffe7a9e0000 - 0x00007ffe7ac7a000 	C:\WINDOWS\WinSxS\amd64_microsoft.windows.common-controls_6595b64144ccf1df_6.0.26100.4202_none_3e0698d4e335f517\COMCTL32.dll
0x00007ffe8c010000 - 0x00007ffe8c0b9000 	C:\WINDOWS\System32\msvcrt.dll
0x00007ffe8d2c0000 - 0x00007ffe8d2f0000 	C:\WINDOWS\System32\IMM32.DLL
0x00007ffe7d580000 - 0x00007ffe7d58c000 	C:\Users\lenovo\.p2\pool\plugins\org.eclipse.justj.openjdk.hotspot.jre.full.win32.x86_64_21.0.7.v20250502-0916\jre\bin\vcruntime140_1.dll
0x00007ffe73340000 - 0x00007ffe733cd000 	C:\Users\lenovo\.p2\pool\plugins\org.eclipse.justj.openjdk.hotspot.jre.full.win32.x86_64_21.0.7.v20250502-0916\jre\bin\msvcp140.dll
0x00007ffe3b070000 - 0x00007ffe3be00000 	C:\Users\lenovo\.p2\pool\plugins\org.eclipse.justj.openjdk.hotspot.jre.full.win32.x86_64_21.0.7.v20250502-0916\jre\bin\server\jvm.dll
0x00007ffe8d330000 - 0x00007ffe8d3e3000 	C:\WINDOWS\System32\ADVAPI32.dll
0x00007ffe8d210000 - 0x00007ffe8d2b6000 	C:\WINDOWS\System32\sechost.dll
0x00007ffe8d580000 - 0x00007ffe8d695000 	C:\WINDOWS\System32\RPCRT4.dll
0x00007ffe8d500000 - 0x00007ffe8d574000 	C:\WINDOWS\System32\WS2_32.dll
0x00007ffe8a7a0000 - 0x00007ffe8a7fe000 	C:\WINDOWS\SYSTEM32\POWRPROF.dll
0x00007ffe83870000 - 0x00007ffe838a5000 	C:\WINDOWS\SYSTEM32\WINMM.dll
0x00007ffe838b0000 - 0x00007ffe838bb000 	C:\WINDOWS\SYSTEM32\VERSION.dll
0x00007ffe8a780000 - 0x00007ffe8a794000 	C:\WINDOWS\SYSTEM32\UMPDC.dll
0x00007ffe89710000 - 0x00007ffe8972b000 	C:\WINDOWS\SYSTEM32\kernel.appcore.dll
0x00007ffe87880000 - 0x00007ffe8788a000 	C:\Users\lenovo\.p2\pool\plugins\org.eclipse.justj.openjdk.hotspot.jre.full.win32.x86_64_21.0.7.v20250502-0916\jre\bin\jimage.dll
0x00007ffe6dc70000 - 0x00007ffe6deb1000 	C:\WINDOWS\SYSTEM32\DBGHELP.DLL
0x00007ffe8b5d0000 - 0x00007ffe8b955000 	C:\WINDOWS\System32\combase.dll
0x00007ffe8bce0000 - 0x00007ffe8bdc1000 	C:\WINDOWS\System32\OLEAUT32.dll
0x00007ffe6d490000 - 0x00007ffe6d4c9000 	C:\WINDOWS\SYSTEM32\dbgcore.DLL
0x00007ffe8abc0000 - 0x00007ffe8ac59000 	C:\WINDOWS\System32\bcryptPrimitives.dll
0x00007ffe85a00000 - 0x00007ffe85a1f000 	C:\Users\lenovo\.p2\pool\plugins\org.eclipse.justj.openjdk.hotspot.jre.full.win32.x86_64_21.0.7.v20250502-0916\jre\bin\java.dll
0x00007ffe8c890000 - 0x00007ffe8cfd2000 	C:\WINDOWS\System32\SHELL32.dll
0x00007ffe8aa40000 - 0x00007ffe8abb4000 	C:\WINDOWS\System32\wintypes.dll
0x00007ffe885b0000 - 0x00007ffe88e08000 	C:\WINDOWS\SYSTEM32\windows.storage.dll
0x00007ffe8cfe0000 - 0x00007ffe8d0d1000 	C:\WINDOWS\System32\SHCORE.dll
0x00007ffe8d750000 - 0x00007ffe8d7ba000 	C:\WINDOWS\System32\shlwapi.dll
0x00007ffe8a860000 - 0x00007ffe8a88f000 	C:\WINDOWS\SYSTEM32\profapi.dll
0x00007ffe7d5f0000 - 0x00007ffe7d608000 	C:\Users\lenovo\.p2\pool\plugins\org.eclipse.justj.openjdk.hotspot.jre.full.win32.x86_64_21.0.7.v20250502-0916\jre\bin\zip.dll
0x00007ffe7d960000 - 0x00007ffe7d970000 	C:\Users\lenovo\.p2\pool\plugins\org.eclipse.justj.openjdk.hotspot.jre.full.win32.x86_64_21.0.7.v20250502-0916\jre\bin\net.dll
0x00007ffe81560000 - 0x00007ffe8167e000 	C:\WINDOWS\SYSTEM32\WINHTTP.dll
0x00007ffe89c80000 - 0x00007ffe89cea000 	C:\WINDOWS\system32\mswsock.dll
0x00007ffe7d590000 - 0x00007ffe7d5a6000 	C:\Users\lenovo\.p2\pool\plugins\org.eclipse.justj.openjdk.hotspot.jre.full.win32.x86_64_21.0.7.v20250502-0916\jre\bin\nio.dll
0x00007ffe85720000 - 0x00007ffe8572e000 	C:\Users\lenovo\.p2\pool\plugins\org.eclipse.justj.openjdk.hotspot.jre.full.win32.x86_64_21.0.7.v20250502-0916\jre\bin\sunmscapi.dll
0x00007ffe8b420000 - 0x00007ffe8b597000 	C:\WINDOWS\System32\CRYPT32.dll
0x00007ffe8a150000 - 0x00007ffe8a180000 	C:\WINDOWS\SYSTEM32\ncrypt.dll
0x00007ffe8a100000 - 0x00007ffe8a13f000 	C:\WINDOWS\SYSTEM32\NTASN1.dll
0x00007ffe89f40000 - 0x00007ffe89f5b000 	C:\WINDOWS\SYSTEM32\CRYPTSP.dll
0x00007ffe89670000 - 0x00007ffe896aa000 	C:\WINDOWS\system32\rsaenh.dll
0x00007ffe89d20000 - 0x00007ffe89d4b000 	C:\WINDOWS\SYSTEM32\USERENV.dll
0x00007ffe8a830000 - 0x00007ffe8a856000 	C:\WINDOWS\SYSTEM32\bcrypt.dll
0x00007ffe89f30000 - 0x00007ffe89f3c000 	C:\WINDOWS\SYSTEM32\CRYPTBASE.dll
0x00007ffe89100000 - 0x00007ffe89133000 	C:\WINDOWS\SYSTEM32\IPHLPAPI.DLL
0x00007ffe8d100000 - 0x00007ffe8d10a000 	C:\WINDOWS\System32\NSI.dll
0x00007ffe7bb90000 - 0x00007ffe7bb9a000 	C:\Users\lenovo\.p2\pool\plugins\org.eclipse.justj.openjdk.hotspot.jre.full.win32.x86_64_21.0.7.v20250502-0916\jre\bin\management.dll
0x00007ffe79770000 - 0x00007ffe7977b000 	C:\Users\lenovo\.p2\pool\plugins\org.eclipse.justj.openjdk.hotspot.jre.full.win32.x86_64_21.0.7.v20250502-0916\jre\bin\management_ext.dll
0x00007ffe8c5d0000 - 0x00007ffe8c5d8000 	C:\WINDOWS\System32\PSAPI.DLL
0x00007ffe7d940000 - 0x00007ffe7d950000 	C:\Users\lenovo\.p2\pool\plugins\org.eclipse.justj.openjdk.hotspot.jre.full.win32.x86_64_21.0.7.v20250502-0916\jre\bin\verify.dll
0x00007ffe89190000 - 0x00007ffe892b7000 	C:\WINDOWS\SYSTEM32\DNSAPI.dll
0x00007ffe78550000 - 0x00007ffe7855b000 	C:\Windows\System32\rasadhlp.dll
0x00007ffe80290000 - 0x00007ffe80316000 	C:\WINDOWS\System32\fwpuclnt.dll
0x00007ffe7b350000 - 0x00007ffe7b359000 	C:\Users\lenovo\.p2\pool\plugins\org.eclipse.justj.openjdk.hotspot.jre.full.win32.x86_64_21.0.7.v20250502-0916\jre\bin\extnet.dll

dbghelp: loaded successfully - version: 4.0.5 - missing functions: none
symbol engine: initialized successfully - sym options: 0x614 - pdb path: .;C:\Users\lenovo\.p2\pool\plugins\org.eclipse.justj.openjdk.hotspot.jre.full.win32.x86_64_21.0.7.v20250502-0916\jre\bin;C:\WINDOWS\SYSTEM32;C:\WINDOWS\WinSxS\amd64_microsoft.windows.common-controls_6595b64144ccf1df_6.0.26100.4202_none_3e0698d4e335f517;C:\Users\lenovo\.p2\pool\plugins\org.eclipse.justj.openjdk.hotspot.jre.full.win32.x86_64_21.0.7.v20250502-0916\jre\bin\server

VM Arguments:
jvm_args: -Dfile.encoding=UTF-8 -Dstdout.encoding=UTF-8 -Dstderr.encoding=UTF-8 -XX:+ShowCodeDetailsInExceptionMessages 
java_command: Pcanteen.Backend.BackendApplication
java_class_path (initial): C:\Users\lenovo\gitnew\repositorynew\Backend\target\classes;C:\Users\lenovo\.m2\repository\org\springframework\boot\spring-boot-starter-data-jdbc\3.5.0\spring-boot-starter-data-jdbc-3.5.0.jar;C:\Users\lenovo\.m2\repository\org\springframework\boot\spring-boot-starter-jdbc\3.5.0\spring-boot-starter-jdbc-3.5.0.jar;C:\Users\lenovo\.m2\repository\com\zaxxer\HikariCP\6.3.0\HikariCP-6.3.0.jar;C:\Users\lenovo\.m2\repository\org\springframework\spring-jdbc\6.2.7\spring-jdbc-6.2.7.jar;C:\Users\lenovo\.m2\repository\org\springframework\data\spring-data-jdbc\3.5.0\spring-data-jdbc-3.5.0.jar;C:\Users\lenovo\.m2\repository\org\springframework\data\spring-data-relational\3.5.0\spring-data-relational-3.5.0.jar;C:\Users\lenovo\.m2\repository\org\springframework\data\spring-data-commons\3.5.0\spring-data-commons-3.5.0.jar;C:\Users\lenovo\.m2\repository\org\springframework\spring-tx\6.2.7\spring-tx-6.2.7.jar;C:\Users\lenovo\.m2\repository\org\springframework\spring-context\6.2.7\spring-context-6.2.7.jar;C:\Users\lenovo\.m2\repository\org\springframework\spring-beans\6.2.7\spring-beans-6.2.7.jar;C:\Users\lenovo\.m2\repository\org\slf4j\slf4j-api\2.0.17\slf4j-api-2.0.17.jar;C:\Users\lenovo\.m2\repository\org\springframework\boot\spring-boot-starter-data-jpa\3.5.0\spring-boot-starter-data-jpa-3.5.0.jar;C:\Users\lenovo\.m2\repository\org\springframework\boot\spring-boot-starter\3.5.0\spring-boot-starter-3.5.0.jar;C:\Users\lenovo\.m2\repository\org\springframework\boot\spring-boot\3.5.0\spring-boot-3.5.0.jar;C:\Users\lenovo\.m2\repository\org\springframework\boot\spring-boot-autoconfigure\3.5.0\spring-boot-autoconfigure-3.5.0.jar;C:\Users\lenovo\.m2\repository\org\springframework\boot\spring-boot-starter-logging\3.5.0\spring-boot-starter-logging-3.5.0.jar;C:\Users\lenovo\.m2\repository\ch\qos\logback\logback-classic\1.5.18\logback-classic-1.5.18.jar;C:\Users\lenovo\.m2\repository\ch\qos\logback\logback-core\1.5.18\logback-core-1.5.18.jar;C:\Users\lenovo\.m2\repository\org\apache\logging\log4j\log4j-to-slf4j\2.24.3\log4j-to-slf4j-2.24.3.jar;C:\Users\lenovo\.m2\repository\org\apache\logging\log4j\log4j-api\2.24.3\log4j-api-2.24.3.jar;C:\Users\lenovo\.m2\repository\org\slf4j\jul-to-slf4j\2.0.17\jul-to-slf4j-2.0.17.jar;C:\Users\lenovo\.m2\repository\jakarta\annotation\jakarta.annotation-api\2.1.1\jakarta.annotation-api-2.1.1.jar;C:\Users\lenovo\.m2\repository\org\yaml\snakeyaml\2.4\snakeyaml-2.4.jar;C:\Users\lenovo\.m2\repository\org\hibernate\orm\hibernate-core\6.6.15.Final\hibernate-core-6.6.15.Final.jar;C:\Users\lenovo\.m2\repository\jakarta\persistence\jakarta.persistence-api\3.1.0\jakarta.persistence-api-3.1.0.jar;C:\Users\lenovo\.m2\repository\jakarta\transaction\jakarta.transaction-api\2.0.1\jakarta.transaction-api-2.0.1.jar;C:\Users\lenovo\.m2\repository\org\jboss\logging\jboss-logging\3.6.1.Final\jboss-logging-3.6.1.Final.jar;C:\Users\lenovo\.m2\repository\org\hibernate\common\hibernate-commons-annotations\7.0.3.Final\hibernate-commons-annotations-7.0.3.Final.jar;C:\Users\lenovo\.m2\repository\io\smallrye\jandex\3.2.0\jandex-3.2.0.jar;C:\Users\lenovo\.m2\repository\com\fasterxml\classmate\1.7.0\classmate-1.7.0.jar;C:\Users\lenovo\.m2\repository\net\bytebuddy\byte-buddy\1.17.5\byte-buddy-1.17.5.jar;C:\Users\lenovo\.m2\repository\org\glassfish\jaxb\jaxb-runtime\4.0.5\jaxb-runtime-4.0.5.jar;C:\Users\lenovo\.m2\repository\org\glassfish\jaxb\jaxb-core\4.0.5\jaxb-core-4.0.5.jar;C:\Users\lenovo\.m2\repository\org\glassfish\jaxb\txw2\4.0.5\txw2-4.0.5.jar;C:\Users\lenovo\.m2\repository\com\sun\istack\istack-commons-runtime\4.1.2\istack-commons-runtime-4.1.2.jar;C:\Users\lenovo\.m2\repository\jakarta\inject\jakarta.inject-api\2.0.1\jakarta.inject-api-2.0.1.jar;C:\Users\lenovo\.m2\repository\org\antlr\antlr4-runtime\4.13.0\antlr4-runtime-4.13.0.jar;C:\Users\lenovo\.m2\repository\org\springframework\data\spring-data-jpa\3.5.0\spring-data-jpa-3.5.0.jar;C:\Users\lenovo\.m2\repository\org\springframework\spring-orm\6.2.7\spring-orm-6.2.7.jar;C:\Users\lenovo\.m2\repository\org\springframework\spring-aspects\6.2.7\spring-aspects-6.2.7.jar;C:\Users\lenovo\.m2\repository\org\aspectj\aspectjweaver\1.9.24\aspectjweaver-1.9.24.jar;C:\Users\lenovo\.m2\repository\org\springframework\boot\spring-boot-starter-security\3.5.0\spring-boot-starter-security-3.5.0.jar;C:\Users\lenovo\.m2\repository\org\springframework\spring-aop\6.2.7\spring-aop-6.2.7.jar;C:\Users\lenovo\.m2\repository\org\springframework\security\spring-security-config\6.5.0\spring-security-config-6.5.0.jar;C:\Users\lenovo\.m2\repository\org\springframework\security\spring-security-web\6.5.0\spring-security-web-6.5.0.jar;C:\Users\lenovo\.m2\repository\org\springframework\spring-expression\6.2.7\spring-expression-6.2.7.jar;C:\Users\lenovo\.m2\repository\org\springframework\boot\spring-boot-starter-web\3.5.0\spring-boot-starter-web-3.5.0.jar;C:\Users\lenovo\.m2\repository\org\springframework\boot\spring-boot-starter-json\3.5.0\spring-boot-starter-json-3.5.0.jar;C:\Users\lenovo\.m2\repository\com\fasterxml\jackson\datatype\jackson-datatype-jdk8\2.19.0\jackson-datatype-jdk8-2.19.0.jar;C:\Users\lenovo\.m2\repository\com\fasterxml\jackson\datatype\jackson-datatype-jsr310\2.19.0\jackson-datatype-jsr310-2.19.0.jar;C:\Users\lenovo\.m2\repository\com\fasterxml\jackson\module\jackson-module-parameter-names\2.19.0\jackson-module-parameter-names-2.19.0.jar;C:\Users\lenovo\.m2\repository\org\springframework\boot\spring-boot-starter-tomcat\3.5.0\spring-boot-starter-tomcat-3.5.0.jar;C:\Users\lenovo\.m2\repository\org\apache\tomcat\embed\tomcat-embed-core\10.1.41\tomcat-embed-core-10.1.41.jar;C:\Users\lenovo\.m2\repository\org\apache\tomcat\embed\tomcat-embed-el\10.1.41\tomcat-embed-el-10.1.41.jar;C:\Users\lenovo\.m2\repository\org\apache\tomcat\embed\tomcat-embed-websocket\10.1.41\tomcat-embed-websocket-10.1.41.jar;C:\Users\lenovo\.m2\repository\org\springframework\spring-web\6.2.7\spring-web-6.2.7.jar;C:\Users\lenovo\.m2\repository\io\micrometer\micrometer-observation\1.15.0\micrometer-observation-1.15.0.jar;C:\Users\lenovo\.m2\repository\io\micrometer\micrometer-commons\1.15.0\micrometer-commons-1.15.0.jar;C:\Users\lenovo\.m2\repository\org\springframework\spring-webmvc\6.2.7\spring-webmvc-6.2.7.jar;C:\Users\lenovo\.m2\repository\com\mysql\mysql-connector-j\9.2.0\mysql-connector-j-9.2.0.jar;C:\Users\lenovo\.m2\repository\org\springframework\boot\spring-boot-starter-mail\3.5.0\spring-boot-starter-mail-3.5.0.jar;C:\Users\lenovo\.m2\repository\org\springframework\spring-context-support\6.2.7\spring-context-support-6.2.7.jar;C:\Users\lenovo\.m2\repository\org\eclipse\angus\jakarta.mail\2.0.3\jakarta.mail-2.0.3.jar;C:\Users\lenovo\.m2\repository\jakarta\activation\jakarta.activation-api\2.1.3\jakarta.activation-api-2.1.3.jar;C:\Users\lenovo\.m2\repository\org\eclipse\angus\angus-activation\2.0.2\angus-activation-2.0.2.jar;C:\Users\lenovo\.m2\repository\org\projectlombok\lombok\1.18.30\lombok-1.18.30.jar;C:\Users\lenovo\.m2\repository\jakarta\xml\bind\jakarta.xml.bind-api\4.0.2\jakarta.xml.bind-api-4.0.2.jar;C:\Users\lenovo\.m2\repository\org\springframework\spring-core\6.2.7\spring-core-6.2.7.jar;C:\Users\lenovo\.m2\repository\org\springframework\spring-jcl\6.2.7\spring-jcl-6.2.7.jar;C:\Users\lenovo\.m2\repository\org\springframework\security\spring-security-core\6.5.0\spring-security-core-6.5.0.jar;C:\Users\lenovo\.m2\repository\org\springframework\security\spring-security-crypto\6.5.0\spring-security-crypto-6.5.0.jar;C:\Users\lenovo\.m2\repository\org\modelmapper\modelmapper\3.2.0\modelmapper-3.2.0.jar;C:\Users\lenovo\.m2\repository\org\springdoc\springdoc-openapi-starter-webmvc-ui\2.5.0\springdoc-openapi-starter-webmvc-ui-2.5.0.jar;C:\Users\lenovo\.m2\repository\org\springdoc\springdoc-openapi-starter-webmvc-api\2.5.0\springdoc-openapi-starter-webmvc-api-2.5.0.jar;C:\Users\lenovo\.m2\repository\org\springdoc\springdoc-openapi-starter-common\2.5.0\springdoc-openapi-starter-common-2.5.0.jar;C:\Users\lenovo\.m2\repository\io\swagger\core\v3\swagger-core-jakarta\2.2.21\swagger-core-jakarta-2.2.21.jar;C:\Users\lenovo\.m2\repository\org\apache\commons\commons-lang3\3.17.0\commons-lang3-3.17.0.jar;C:\Users\lenovo\.m2\repository\io\swagger\core\v3\swagger-annotations-jakarta\2.2.21\swagger-annotations-jakarta-2.2.21.jar;C:\Users\lenovo\.m2\repository\io\swagger\core\v3\swagger-models-jakarta\2.2.21\swagger-models-jakarta-2.2.21.jar;C:\Users\lenovo\.m2\repository\jakarta\validation\jakarta.validation-api\3.0.2\jakarta.validation-api-3.0.2.jar;C:\Users\lenovo\.m2\repository\com\fasterxml\jackson\dataformat\jackson-dataformat-yaml\2.19.0\jackson-dataformat-yaml-2.19.0.jar;C:\Users\lenovo\.m2\repository\org\webjars\swagger-ui\5.13.0\swagger-ui-5.13.0.jar;C:\Users\lenovo\.m2\repository\org\apache\commons\commons-csv\1.10.0\commons-csv-1.10.0.jar;C:\Users\lenovo\.m2\repository\io\jsonwebtoken\jjwt-api\0.11.5\jjwt-api-0.11.5.jar;C:\Users\lenovo\.m2\repository\io\jsonwebtoken\jjwt-impl\0.11.5\jjwt-impl-0.11.5.jar;C:\Users\lenovo\.m2\repository\io\jsonwebtoken\jjwt-jackson\0.11.5\jjwt-jackson-0.11.5.jar;C:\Users\lenovo\.m2\repository\com\fasterxml\jackson\core\jackson-databind\2.19.0\jackson-databind-2.19.0.jar;C:\Users\lenovo\.m2\repository\com\fasterxml\jackson\core\jackson-annotations\2.19.0\jackson-annotations-2.19.0.jar;C:\Users\lenovo\.m2\repository\com\fasterxml\jackson\core\jackson-core\2.19.0\jackson-core-2.19.0.jar
Launcher Type: SUN_STANDARD

[Global flags]
     intx CICompilerCount                          = 3                                         {product} {ergonomic}
     uint ConcGCThreads                            = 1                                         {product} {ergonomic}
     uint G1ConcRefinementThreads                  = 4                                         {product} {ergonomic}
   size_t G1HeapRegionSize                         = 1048576                                   {product} {ergonomic}
    uintx GCDrainStackTargetSize                   = 64                                        {product} {ergonomic}
   size_t InitialHeapSize                          = 58720256                                  {product} {ergonomic}
   size_t MarkStackSize                            = 4194304                                   {product} {ergonomic}
   size_t MaxHeapSize                              = 908066816                                 {product} {ergonomic}
   size_t MaxNewSize                               = 544210944                                 {product} {ergonomic}
   size_t MinHeapDeltaBytes                        = 1048576                                   {product} {ergonomic}
   size_t MinHeapSize                              = 8388608                                   {product} {ergonomic}
    uintx NonNMethodCodeHeapSize                   = 5832780                                {pd product} {ergonomic}
    uintx NonProfiledCodeHeapSize                  = 122912730                              {pd product} {ergonomic}
    uintx ProfiledCodeHeapSize                     = 122912730                              {pd product} {ergonomic}
    uintx ReservedCodeCacheSize                    = 251658240                              {pd product} {ergonomic}
     bool SegmentedCodeCache                       = true                                      {product} {ergonomic}
     bool ShowCodeDetailsInExceptionMessages       = true                                   {manageable} {command line}
   size_t SoftMaxHeapSize                          = 908066816                              {manageable} {ergonomic}
     bool UseCompressedOops                        = true                           {product lp64_product} {ergonomic}
     bool UseG1GC                                  = true                                      {product} {ergonomic}
     bool UseLargePagesIndividualAllocation        = false                                  {pd product} {ergonomic}

Logging:
Log output configuration:
 #0: stdout all=warning uptime,level,tags foldmultilines=false
 #1: stderr all=off uptime,level,tags foldmultilines=false

Environment Variables:
PATH=C:/Users/lenovo/.p2/pool/plugins/org.eclipse.justj.openjdk.hotspot.jre.full.win32.x86_64_21.0.7.v20250502-0916/jre/bin/server;C:/Users/lenovo/.p2/pool/plugins/org.eclipse.justj.openjdk.hotspot.jre.full.win32.x86_64_21.0.7.v20250502-0916/jre/bin;C:\Program Files\Common Files\Oracle\Java\javapath;C:\Program Files (x86)\Common Files\Oracle\Java\java8path;C:\Program Files (x86)\Common Files\Oracle\Java\javapath;C:\WINDOWS\system32;C:\WINDOWS;C:\WINDOWS\System32\Wbem;C:\WINDOWS\System32\WindowsPowerShell\v1.0\;C:\WINDOWS\System32\OpenSSH\;C:\MinGW\bin;C:\Program Files\Java\jdk-20\bin;C:\Program Files\nodejs\;C:\TDM-GCC-32\bin;C:\Program Files\MySQL\MySQL Server 8.0\bin;C:\Program Files\Git\cmd;C:\Program Files\Git\bin;C:\Program Files\MongoDB\Server\8.0\bin;C:\Program Files\MongoDB\Tools\100\bin;C:\Program Files\CMake\bin;C:\Program Files\CMake\bin;C:\TDM-GCC-32\bin;C:\Users\lenovo\AppData\Local\Programs\Python\Python311\Scripts\;C:\Users\lenovo\AppData\Local\Programs\Python\Python311\;C:\Program Files\MySQL\MySQL Shell 8.0\bin\;C:\Users\lenovo\AppData\Local\Microsoft\WindowsApps;C:\Users\lenovo\AppData\Local\Programs\Microsoft VS Code\bin;C:\Program Files\JetBrains\PyCharm Community Edition 2023.1.1\bin;;C:\Program Files\JetBrains\IntelliJ IDEA Community Edition 2023.2\bin;;C:\Users\lenovo\AppData\Roaming\npm;C:\Program Files\Tesseract-OCR;C:\Users\lenovo\AppData\Local\Programs\mongosh\;;C:\WINDOWS\System32;
USERNAME=lenovo
OS=Windows_NT
PROCESSOR_IDENTIFIER=AMD64 Family 23 Model 24 Stepping 1, AuthenticAMD
TMP=C:\Users\lenovo\AppData\Local\Temp
TEMP=C:\Users\lenovo\AppData\Local\Temp




Periodic native trim disabled

---------------  S Y S T E M  ---------------

OS:
 Windows 11 , 64 bit Build 26100 (10.0.26100.4202)
OS uptime: 0 days 13:41 hours

CPU: total 4 (initial active 4) (4 cores per cpu, 2 threads per core) family 23 model 24 stepping 1 microcode 0x8108102, cx8, cmov, fxsr, ht, mmx, 3dnowpref, sse, sse2, sse3, ssse3, sse4a, sse4.1, sse4.2, popcnt, lzcnt, tsc, tscinvbit, avx, avx2, aes, clmul, bmi1, bmi2, adx, sha, fma, vzeroupper, clflush, clflushopt, rdtscp, f16c
Processor Information for the first 4 processors :
  Max Mhz: 2600, Current Mhz: 2600, Mhz Limit: 2600

Memory: 4k page, system-wide physical 3460M (261M free)
TotalPageFile size 14212M (AvailPageFile size 5M)
current process WorkingSet (physical memory assigned to process): 307M, peak: 307M
current process commit charge ("private bytes"): 572M, peak: 581M

vm_info: OpenJDK 64-Bit Server VM (21.0.7+6-LTS) for windows-amd64 JRE (21.0.7+6-LTS), built on 2025-04-15T00:00:00Z by "admin" with MS VC++ 17.7 (VS2022)

END.
